,종목코드,종목명,종류
0,000020,동화약품,KOSPI
1,000030,우리은행,KOSPI
2,000040,S&T;모터스,KOSPI
3,000050,경방,KOSPI
4,000060,메리츠화재,KOSPI
5,000070,삼양홀딩스,KOSPI
6,000075,삼양홀딩스우,KOSPI
7,000080,하이트진로,KOSPI
8,000087,하이트진로2우B,KOSPI
9,000100,유한양행,KOSPI
10,000105,유한양행우,KOSPI
11,000120,CJ대한통운,KOSPI
12,000140,하이트진로홀딩스,KOSPI
13,000145,하이트진로홀딩스우,KOSPI
14,000150,두산,KOSPI
15,000155,두산우,KOSPI
16,000157,두산2우B,KOSPI
17,000180,성창기업지주,KOSPI
18,000210,대림산업,KOSPI
19,000215,대림산업우,KOSPI
20,000220,유유제약,KOSPI
21,000225,유유제약1우,KOSPI
22,000227,유유제약2우B,KOSPI
23,000230,일동홀딩스,KOSPI
24,000240,한국타이어월드와이드,KOSPI
25,000250,삼천당제약,KOSDAQ
26,000270,기아차,KOSPI
27,000300,대유플러스,KOSPI
28,000320,노루홀딩스,KOSPI
29,000325,노루홀딩스우,KOSPI
30,000370,한화손해보험,KOSPI
31,000390,삼화페인트,KOSPI
32,000400,롯데손해보험,KOSPI
33,000430,대원강업,KOSPI
34,000440,중앙에너비스,KOSDAQ
35,000480,조선내화,KOSPI
36,000490,대동공업,KOSPI
37,000500,가온전선,KOSPI
38,000520,삼일제약,KOSPI
39,000540,흥국화재,KOSPI
40,000545,흥국화재우,KOSPI
41,000547,흥국화재2우B,KOSPI
42,000590,CS홀딩스,KOSPI
43,000640,동아쏘시오홀딩스,KOSPI
44,000650,천일고속,KOSPI
45,000660,SK하이닉스,KOSPI
46,000670,영풍,KOSPI
47,000680,LS네트웍스,KOSPI
48,000700,유수홀딩스,KOSPI
49,000720,현대건설,KOSPI
50,000725,현대건설우,KOSPI
51,000760,이화산업,KOSPI
52,000810,삼성화재,KOSPI
53,000815,삼성화재우,KOSPI
54,000850,화천기공,KOSPI
55,000860,강남제비스코,KOSPI
56,000880,한화,KOSPI
57,000885,한화우,KOSPI
58,00088K,한화3우B,KOSPI
59,000890,보해양조,KOSPI
60,000910,유니온,KOSPI
61,000950,전방,KOSPI
62,000970,한국주철관,KOSPI
63,000990,DB하이텍,KOSPI
64,000995,DB하이텍1우,KOSPI
65,001000,신라섬유,KOSDAQ
66,001020,페이퍼코리아,KOSPI
67,001040,CJ,KOSPI
68,001045,CJ우,KOSPI
69,001060,JW중외제약,KOSPI
70,001065,JW중외제약우,KOSPI
71,001067,JW중외제약2우B,KOSPI
72,001070,대한방직,KOSPI
73,001080,만호제강,KOSPI
74,001120,LG상사,KOSPI
75,001130,대한제분,KOSPI
76,001140,국보,KOSPI
77,001200,유진투자증권,KOSPI
78,001210,금호전기,KOSPI
79,001230,동국제강,KOSPI
80,001250,GS글로벌,KOSPI
81,001270,부국증권,KOSPI
82,001275,부국증권우,KOSPI
83,001290,골든브릿지증권,KOSPI
84,001340,백광산업,KOSPI
85,001360,삼성제약,KOSPI
86,001380,SG충방,KOSPI
87,001390,KG케미칼,KOSPI
88,001420,태원물산,KOSPI
89,001430,세아베스틸,KOSPI
90,001450,현대해상,KOSPI
91,001460,BYC,KOSPI
92,001465,BYC우,KOSPI
93,001470,삼부토건,KOSPI
94,001500,현대차투자증권,KOSPI
95,001510,SK증권,KOSPI
96,001515,SK증권우,KOSPI
97,001520,동양,KOSPI
98,001525,동양우,KOSPI
99,001527,동양2우B,KOSPI
100,001529,동양3우B,KOSPI
101,001530,동일방직,KOSPI
102,001540,안국약품,KOSDAQ
103,001550,조비,KOSPI
104,001560,제일연마,KOSPI
105,001570,금양,KOSPI
106,001620,동국실업,KOSPI
107,001630,종근당,KOSPI
108,001680,대상,KOSPI
109,001685,대상우,KOSPI
110,001720,신영증권,KOSPI
111,001725,신영증권우,KOSPI
112,001740,SK네트웍스,KOSPI
113,001745,SK네트웍스우,KOSPI
114,001750,한양증권,KOSPI
115,001755,한양증권우,KOSPI
116,001770,신화실업,KOSPI
117,001780,알루코,KOSPI
118,001790,대한제당,KOSPI
119,001795,대한제당우,KOSPI
120,001799,대한제당3우B,KOSPI
121,001800,오리온홀딩스,KOSPI
122,001810,무림SP,KOSDAQ
123,001820,삼화콘덴서,KOSPI
124,001840,이화공영,KOSDAQ
125,001880,삼호,KOSPI
126,001940,KISCO홀딩스,KOSPI
127,002000,한국유리,KOSPI
128,002005,한국유리우,KOSPI
129,002020,코오롱,KOSPI
130,002025,코오롱우,KOSPI
131,002030,아세아시멘트,KOSPI
132,002070,남영비비안,KOSPI
133,002100,경농,KOSPI
134,002140,고려산업,KOSPI
135,002150,도화엔지니어링,KOSPI
136,002170,삼양통상,KOSPI
137,002200,수출포장,KOSPI
138,002210,동성제약,KOSPI
139,002220,한일철강,KOSPI
140,002230,피에스텍,KOSDAQ
141,002240,고려제강,KOSPI
142,002250,알보젠코리아,KOSPI
143,002270,롯데푸드,KOSPI
144,002290,삼일기업공사,KOSDAQ
145,002300,한국제지,KOSPI
146,002310,아세아제지,KOSPI
147,002320,한진,KOSPI
148,002350,넥센타이어,KOSPI
149,002355,넥센타이어1우B,KOSPI
150,002360,SH에너지화학,KOSPI
151,002380,KCC,KOSPI
152,002390,한독약품,KOSPI
153,002420,세기상사,KOSPI
154,002450,삼익악기,KOSPI
155,002460,화성산업,KOSPI
156,002600,조흥,KOSPI
157,002620,제일파마홀딩스,KOSPI
158,002630,오리엔트바이오,KOSPI
159,002680,한탑,KOSDAQ
160,002690,동일제강,KOSPI
161,002700,신일산업,KOSPI
162,002710,TCC동양,KOSPI
163,002720,국제약품,KOSPI
164,002760,보락,KOSPI
165,002780,진흥기업,KOSPI
166,002785,진흥기업우B,KOSPI
167,002787,진흥기업2우B,KOSPI
168,002790,아모레G,KOSPI
169,002795,아모레G우,KOSPI
170,002800,신신제약,KOSDAQ
171,002810,삼영무역,KOSPI
172,002820,선창산업,KOSPI
173,002840,미원상사,KOSPI
174,002870,신풍제지,KOSPI
175,002880,대유에이텍,KOSPI
176,002900,동양물산,KOSPI
177,002920,유성기업,KOSPI
178,002960,한국쉘석유,KOSPI
179,002990,금호산업,KOSPI
180,002995,금호산업우,KOSPI
181,003000,부광약품,KOSPI
182,003010,혜인,KOSPI
183,003030,세아제강,KOSPI
184,003060,에이프로젠제약,KOSPI
185,003070,코오롱글로벌,KOSPI
186,003075,코오롱글로벌우,KOSPI
187,003080,성보화학,KOSPI
188,003090,대웅,KOSPI
189,003100,선광,KOSDAQ
190,003120,일성신약,KOSPI
191,003160,디아이,KOSPI
192,003200,일신방직,KOSPI
193,003220,대원제약,KOSPI
194,003230,삼양식품,KOSPI
195,003240,태광산업,KOSPI
196,003280,흥아해운,KOSPI
197,003300,한일시멘트,KOSPI
198,003310,대주산업,KOSDAQ
199,003350,한국화장품제조,KOSPI
200,003380,제일홀딩스,KOSDAQ
201,003410,쌍용양회,KOSPI
202,003415,쌍용양회우,KOSPI
203,003460,유화증권,KOSPI
204,003465,유화증권우,KOSPI
205,003470,동양증권,KOSPI
206,003475,동양증권1우,KOSPI
207,003480,한진중공업홀딩스,KOSPI
208,003490,대한항공,KOSPI
209,003495,대한항공우,KOSPI
210,003520,영진약품,KOSPI
211,003530,한화투자증권,KOSPI
212,003535,한화투자증권우,KOSPI
213,003540,대신증권,KOSPI
214,003545,대신증권우,KOSPI
215,003547,대신증권2우B,KOSPI
216,003550,LG,KOSPI
217,003555,LG우,KOSPI
218,003560,IHQ,KOSPI
219,003570,S&T;중공업,KOSPI
220,003580,동원,KOSPI
221,003610,방림,KOSPI
222,003620,쌍용차,KOSPI
223,003650,미창석유,KOSPI
224,003670,포스코켐텍,KOSDAQ
225,003680,한성기업,KOSPI
226,003690,코리안리,KOSPI
227,003720,삼영화학,KOSPI
228,003780,진양산업,KOSPI
229,003800,에이스침대,KOSDAQ
230,003830,대한화섬,KOSPI
231,003850,보령제약,KOSPI
232,003920,남양유업,KOSPI
233,003925,남양유업우,KOSPI
234,003960,사조대림,KOSPI
235,004000,롯데정밀화학,KOSPI
236,004020,현대제철,KOSPI
237,004060,SG세계물산,KOSPI
238,004080,신흥,KOSPI
239,004090,한국석유,KOSPI
240,004100,태양금속,KOSPI
241,004105,태양금속우,KOSPI
242,004130,대덕GDS,KOSPI
243,004135,대덕GDS우,KOSPI
244,004140,동방,KOSPI
245,004150,한솔홀딩스,KOSPI
246,004170,신세계,KOSPI
247,004200,고려개발,KOSPI
248,004250,NPC,KOSPI
249,004255,NPC우,KOSPI
250,004270,남성,KOSPI
251,004310,현대약품,KOSPI
252,004360,세방,KOSPI
253,004365,세방우,KOSPI
254,004370,농심,KOSPI
255,004380,삼익THK,KOSPI
256,004410,서울식품,KOSPI
257,004415,서울식품우,KOSPI
258,004430,송원산업,KOSPI
259,004440,대림씨엔에스,KOSPI
260,004450,삼화왕관,KOSPI
261,004490,세방전지,KOSPI
262,004540,깨끗한나라,KOSPI
263,004545,깨끗한나라우,KOSPI
264,004560,현대비앤지스틸,KOSPI
265,004565,현대비앤지스틸우,KOSPI
266,004590,한국가구,KOSDAQ
267,004650,창해에탄올,KOSDAQ
268,004690,삼천리,KOSPIchart_algscore_cumulative'
269,004700,조광피혁,KOSPI
270,004710,한솔테크닉스,KOSPI
271,004720,우리들제약,KOSPI
272,004770,써니전자,KOSPI
273,004780,대륙제관,KOSDAQ
274,004800,효성,KOSPI
275,004830,덕성,KOSPI
276,004835,덕성우,KOSPI
277,004840,DRB동일,KOSPI
278,004870,티웨이홀딩스,KOSPI
279,004890,동일산업,KOSPI
280,004910,조광페인트,KOSPI
281,004920,씨아이테크,KOSPI
282,004960,한신공영,KOSPI
283,004970,신라교역,KOSPI
284,004980,성신양회,KOSPI
285,004985,성신양회우,KOSPI
286,004987,성신양회2우B,KOSPI
287,004989,성신양회3우B,KOSPI
288,004990,롯데지주,KOSPI
289,005010,휴스틸,KOSPI
290,005030,부산주공,KOSPI
291,005070,코스모신소재,KOSPI
292,005090,삼광글라스,KOSPI
293,005110,한창,KOSPI
294,005160,동국산업,KOSDAQ
295,005180,빙그레,KOSPI
296,005190,동성화학,KOSPI
297,005250,녹십자홀딩스,KOSPI
298,005257,녹십자홀딩스2우,KOSPI
299,005290,동진쎄미켐,KOSDAQ
300,005300,롯데칠성,KOSPI
301,005305,롯데칠성우,KOSPI
302,005320,국동,KOSPI
303,005360,모나미,KOSPI
304,005380,현대차,KOSPI
305,005385,현대차우,KOSPI
306,005387,현대차2우B,KOSPI
307,005389,현대차3우B,KOSPI
308,005390,신성통상,KOSPI
309,005420,코스모화학,KOSPI
310,005430,한국공항,KOSPI
311,005440,현대그린푸드,KOSPI
312,005450,신한,KOSPI
313,005490,POSCO,KOSPI
314,005500,삼진제약,KOSPI
315,005610,SPC삼립,KOSPI
316,005670,푸드웰,KOSDAQ
317,005680,삼영전자,KOSPI
318,005690,파미셀,KOSPI
319,005710,대원산업,KOSDAQ
320,005720,넥센,KOSPI
321,005725,넥센우,KOSPI
322,005740,크라운해태홀딩스,KOSPI
323,005745,크라운해태홀딩스우,KOSPI
324,005750,대림B&Co;,KOSPI
325,005800,신영와코루,KOSPI
326,005810,풍산홀딩스,KOSPI
327,005820,원림,KOSPI
328,005830,DB손해보험,KOSPI
329,005850,에스엘,KOSPI
330,005860,한일사료,KOSDAQ
331,005870,휴니드,KOSPI
332,005880,대한해운,KOSPI
333,005930,삼성전자,KOSPI
334,005935,삼성전자우,KOSPI
335,005940,NH투자증권,KOSPI
336,005945,NH투자증권우,KOSPI
337,005950,이수화학,KOSPI
338,005960,동부건설,KOSPI
339,005965,동부건설우,KOSPI
340,005980,성지건설,KOSPI
341,005990,매일홀딩스,KOSDAQ
342,006040,동원산업,KOSPI
343,006050,국영지앤엠,KOSDAQ
344,006060,화승인더,KOSPI
345,006090,사조오양,KOSPI
346,006110,삼아알미늄,KOSPI
347,006120,SK디스커버리,KOSPI
348,006125,SK디스커버리우,KOSPI
349,006140,피제이전자,KOSDAQ
350,006200,한국전자홀딩스,KOSPI
351,006220,제주은행,KOSPI
352,006260,LS,KOSPI
353,006280,녹십자,KOSPI
354,006340,대원전선,KOSPI
355,006345,대원전선우,KOSPI
356,006360,GS건설,KOSPI
357,006370,대구백화점,KOSPI
358,006380,카프로,KOSPI
359,006400,삼성SDI,KOSPI
360,006405,삼성SDI우,KOSPI
361,006490,인스코비,KOSPI
362,006570,대림통상,KOSPI
363,006580,대양제지,KOSDAQ
364,006620,동구바이오제약,KOSDAQ
365,006650,대한유화,KOSPI
366,006660,삼성공조,KOSPI
367,006730,서부T&D;,KOSDAQ
368,006740,영풍제지,KOSPI
369,006800,미래에셋대우,KOSPI
370,006805,미래에셋대우우,KOSPI
371,006840,AK홀딩스,KOSPI
372,006880,신송홀딩스,KOSPI
373,006890,태경화학,KOSPI
374,006910,보성파워텍,KOSDAQ
375,006920,모헨즈,KOSDAQ
376,006980,우성사료,KOSPI
377,007070,GS리테일,KOSPI
378,007110,일신석재,KOSPI
379,007120,미래아이앤지,KOSPI
380,007160,사조산업,KOSPI
381,007210,벽산,KOSPI
382,007310,오뚜기,KOSPI
383,007330,푸른저축은행,KOSDAQ
384,007340,디티알오토모티브,KOSPI
385,007370,진양제약,KOSDAQ
386,007390,네이처셀,KOSDAQ
387,007460,에이프로젠KIC,KOSPI
388,007530,영신금속,KOSDAQ
389,007540,샘표,KOSPI
390,007570,일양약품,KOSPI
391,007575,일양약품우,KOSPI
392,007590,동방아그로,KOSPI
393,007610,선도전기,KOSPI
394,007630,폴루스바이오팜,KOSPI
395,007660,이수페타시스,KOSPI
396,007680,대원,KOSDAQ
397,007690,국도화학,KOSPI
398,007700,F&F;,KOSPI
399,007720,대명코퍼레이션,KOSDAQ
400,007770,한일화학,KOSDAQ
401,007810,코리아써키트,KOSPI
402,007815,코리아써우,KOSPI
403,00781K,코리아써키트2우B,KOSPI
404,007820,에스엠코어,KOSDAQ
405,007860,한일이화,KOSPI
406,007980,태평양물산,KOSPI
407,008000,웅진케미칼,KOSPI
408,008040,사조동아원,KOSPI
409,008060,대덕전자,KOSPI
410,008110,대동전자,KOSPI
411,008250,이건산업,KOSPI
412,008260,NI스틸,KOSPI
413,008290,원풍물산,KOSDAQ
414,008350,남선알미늄,KOSPI
415,008355,남선알미우,KOSPI
416,008370,원풍,KOSDAQ
417,008420,문배철강,KOSPI
418,008470,부스타,KOSDAQ
419,008490,서흥캅셀,KOSPI
420,008500,일정실업,KOSPI
421,008560,메리츠종금증권,KOSPI
422,008600,윌비스,KOSPI
423,008700,아남전자,KOSPI
424,008730,율촌화학,KOSPI
425,008770,호텔신라,KOSPI
426,008775,호텔신라우,KOSPI
427,008800,행남자기,KOSDAQ
428,008830,대동기어,KOSDAQ
429,008870,금비,KOSPI
430,008930,한미사이언스,KOSPI
431,008970,동양철관,KOSPI
432,009070,KCTC,KOSPI
433,009140,경인전자,KOSPI
434,009150,삼성전기,KOSPI
435,009155,삼성전기우,KOSPI
436,009160,SIMPAC,KOSPI
437,009180,한솔CSN,KOSPI
438,009190,대양금속,KOSPI
439,009200,무림페이퍼,KOSPI
440,009240,한샘,KOSPI
441,009270,신원,KOSPI
442,009275,신원우,KOSPI
443,009290,광동제약,KOSPI
444,009300,삼아제약,KOSDAQ
445,009310,참엔지니어링,KOSPI
446,009320,대우부품,KOSPI
447,009410,태영건설,KOSPI
448,009415,태영건설우,KOSPI
449,009420,한올바이오파마,KOSPI
450,009440,KC그린홀딩스,KOSPI
451,009450,경동나비엔,KOSPI
452,009460,한창제지,KOSPI
453,009470,삼화전기,KOSPI
454,009520,포스코엠텍,KOSDAQ
455,009540,현대중공업,KOSPI
456,009580,무림P&P;,KOSPI
457,009620,삼보산업,KOSDAQ
458,009680,모토닉,KOSPI
459,009730,DS제강,KOSDAQ
460,009770,삼정펄프,KOSPI
461,009780,엠에스씨,KOSDAQ
462,009810,엔케이물산,KOSPI
463,009830,한화케미칼,KOSPI
464,009835,한화케미칼우,KOSPI
465,009970,영원무역홀딩스,KOSPI
466,010040,한국내화,KOSPI
467,010050,금호종금,KOSPI
468,010060,OCI,KOSPI
469,010100,한국프랜지,KOSPI
470,010120,LS산전,KOSPI
471,010130,고려아연,KOSPI
472,010140,삼성중공업,KOSPI
473,010145,삼성중공우,KOSPI
474,010170,대한광통신,KOSDAQ
475,010240,흥국,KOSDAQ
476,010280,쌍용정보통신,KOSDAQ
477,010420,한솔PNS,KOSPI
478,010470,오리콤,KOSDAQ
479,010580,지코,KOSPI
480,010600,와이비로드,KOSPI
481,010620,현대미포조선,KOSPI
482,010640,진양폴리,KOSPI
483,010660,화천기계,KOSPI
484,010690,화신,KOSPI
485,010770,평화홀딩스,KOSPI
486,010780,아이에스동서,KOSPI
487,010820,퍼스텍,KOSPI
488,010950,S-Oil,KOSPI
489,010955,S-Oil우,KOSPI
490,010960,삼호개발,KOSPI
491,011000,VGX인터,KOSPI
492,011040,경동제약,KOSDAQ
493,011070,LG이노텍,KOSPI
494,011080,형지I&C;,KOSDAQ
495,011090,에넥스,KOSPI
496,011150,CJ씨푸드,KOSPI
497,011155,CJ씨푸드1우,KOSPI
498,011160,두산건설,KOSPI
499,011170,롯데케미칼,KOSPI
500,011200,현대상선,KOSPI
501,011210,현대위아,KOSPI
502,011230,삼화전자,KOSPI
503,011280,태림포장,KOSPI
504,011300,성안,KOSPI
505,011320,유니크,KOSDAQ
506,011330,유니켐,KOSPI
507,011370,서한,KOSDAQ
508,011390,부산산업,KOSPI
509,011420,갤럭시아에스엠,KOSPI
510,011500,한농화성,KOSPI
511,011560,세보엠이씨,KOSDAQ
512,011690,유양디앤유,KOSPI
513,011700,한신기계,KOSPI
514,011760,현대상사,KOSPI
515,011780,금호석유,KOSPI
516,011785,금호석유우,KOSPI
517,011790,SKC,KOSPI
518,011930,신성이엔지,KOSPI
519,012030,DB,KOSPI
520,012160,영흥철강,KOSPI
521,012170,키위미디어그룹,KOSPI
522,012200,계양전기,KOSPI
523,012205,계양전기우,KOSPI
524,012280,영화금속,KOSPI
525,012320,경동인베스트,KOSPI
526,012330,현대모비스,KOSPI
527,012340,뉴인텍,KOSDAQ
528,012450,한화테크윈,KOSPI
529,012510,더존비즈온,KOSPI
530,012600,청호컴넷,KOSPI
531,012610,경인양행,KOSPI
532,012620,원일특강,KOSDAQ
533,012630,현대산업,KOSPI
534,012690,모나리자,KOSPI
535,012700,리드코프,KOSDAQ
536,012750,에스원,KOSPI
537,012790,신일제약,KOSDAQ
538,012800,대창,KOSPI
539,012860,서연전자,KOSDAQ
540,013000,세우글로벌,KOSPI
541,013030,하이록코리아,KOSDAQ
542,013120,동원개발,KOSDAQ
543,013310,아진산업,KOSDAQ
544,013360,일성건설,KOSPI
545,013367,일성건설2우B,KOSPI
546,013520,화승알앤에이,KOSPI
547,013570,디와이,KOSPI
548,013580,계룡건설,KOSPI
549,013700,까뮤이앤씨,KOSPI
550,013720,청보산업,KOSDAQ
551,013810,스페코,KOSDAQ
552,013870,지엠비코리아,KOSPI
553,013990,아가방컴퍼니,KOSDAQ
554,014100,보령메디앙스,KOSDAQ
555,014130,한익스프레스,KOSPI
556,014160,대영포장,KOSPI
557,014190,후너스,KOSDAQ
558,014200,광림,KOSDAQ
559,014280,금강공업,KOSPI
560,014285,금강공업우,KOSPI
561,014440,영보화학,KOSPI
562,014470,부방,KOSDAQ
563,014530,극동유화,KOSPI
564,014570,고려제약,KOSDAQ
565,014580,백광소재,KOSPI
566,014620,성광벤드,KOSDAQ
567,014680,한솔케미칼,KOSPI
568,014710,사조씨푸드,KOSPI
569,014790,한라건설,KOSPI
570,014820,동원시스템즈,KOSPI
571,014825,동원시스템즈우,KOSPI
572,014830,유니드,KOSPI
573,014910,성문전자,KOSPI
574,014915,성문전자우,KOSPI
575,014940,오리엔탈정공,KOSDAQ
576,014970,삼륭물산,KOSDAQ
577,014990,인디에프,KOSPI
578,015020,이스타코,KOSPI
579,015230,대창단조,KOSPI
580,015260,에이엔피,KOSPI
581,015350,부산가스,KOSPI
582,015360,예스코,KOSPI
583,015540,메디플란트,KOSPI
584,015590,대경기계,KOSPI
585,015710,코콤,KOSDAQ
586,015750,성우하이텍,KOSDAQ
587,015760,한국전력,KOSPI
588,015860,일진홀딩스,KOSPI
589,015890,태경산업,KOSPI
590,016090,대현,KOSPI
591,016100,리더스코스메틱,KOSDAQ
592,016170,로엔,KOSDAQ
593,016250,이테크건설,KOSDAQ
594,016360,삼성증권,KOSPI
595,016380,동부제철,KOSPI
596,016385,동부제철우,KOSPI
597,016450,한세예스24홀딩스,KOSPI
598,016580,환인제약,KOSPI
599,016590,신대양제지,KOSPI
600,016600,큐캐피탈,KOSDAQ
601,016610,DB금융투자,KOSPI
602,016670,포비스티앤씨,KOSDAQ
603,016710,대성홀딩스,KOSPI
604,016740,두올,KOSPI
605,016800,퍼시스,KOSPI
606,016880,웅진,KOSPI
607,017000,신원종합개발,KOSDAQ
608,017040,광명전기,KOSPI
609,017180,명문제약,KOSPI
610,017250,인터엠,KOSDAQ
611,017370,우신시스템,KOSPI
612,017390,서울가스,KOSPI
613,017480,삼현철강,KOSDAQ
614,017510,세명전기,KOSDAQ
615,017550,수산중공업,KOSPI
616,017650,대림제지,KOSDAQ
617,017670,SK텔레콤,KOSPI
618,017680,데코네티션,KOSDAQ
619,017800,현대엘리베이,KOSPI
620,017810,풀무원홀딩스,KOSPI
621,017890,한국알콜,KOSDAQ
622,017900,광전자,KOSPI
623,017940,E1,KOSPI
624,017960,한국카본,KOSPI
625,018000,유니슨,KOSDAQ
626,018120,진로발효,KOSDAQ
627,018250,애경산업,KOSPI
628,018260,삼성에스디에스,KOSPI
629,018290,지엠피,KOSDAQ
630,018310,삼목에스폼,KOSDAQ
631,018470,조일알미늄,KOSPI
632,018500,동원금속,KOSPI
633,018620,우진비앤지,KOSDAQ
634,018670,SK가스,KOSPI
635,018680,서울제약,KOSDAQ
636,018700,바른손,KOSDAQ
637,018880,한온시스템,KOSPI
638,019010,그랜드백화점,KOSDAQ
639,019170,신풍제약,KOSPI
640,019175,신풍제약우,KOSPI
641,019180,티에이치엔,KOSPI
642,019210,와이지-원,KOSDAQ
643,019440,세아특수강,KOSPI
644,019490,하이트론,KOSPI
645,019540,일지테크,KOSDAQ
646,019550,SBI인베스트먼트,KOSDAQ
647,019570,제미니투자,KOSDAQ
648,019590,엠벤처투자,KOSDAQ
649,019660,글로본,KOSDAQ
650,019680,대교,KOSPI
651,019685,대교우B,KOSPI
652,019770,서연탑메탈,KOSDAQ
653,019990,에너토크,KOSDAQ
654,020000,한섬,KOSPI
655,020120,다우인큐브,KOSPI
656,020150,일진머티리얼즈,KOSPI
657,020180,대신정보통신,KOSDAQ
658,020400,대동금속,KOSDAQ
659,020560,아시아나항공,KOSPI
660,020710,시공테크,KOSDAQ
661,020760,일진디스플,KOSPI
662,021040,대호피앤씨,KOSDAQ
663,021045,대호피앤씨우,KOSDAQ
664,021050,서원,KOSPI
665,021080,에이티넘인베스트,KOSDAQ
666,021240,코웨이,KOSPI
667,021320,KCC건설,KOSDAQ
668,021650,한국큐빅,KOSDAQ
669,021820,세원정공,KOSPI
670,021880,메이슨캐피탈,KOSDAQ
671,022100,포스코 ICT,KOSDAQ
672,022220,정산애강,KOSDAQ
673,023000,삼원강재,KOSPI
674,023150,MH에탄올,KOSPI
675,023160,태광,KOSDAQ
676,023350,한국종합기술,KOSPI
677,023410,유진기업,KOSDAQ
678,023450,동남합성,KOSPI
679,023460,CNH,KOSDAQ
680,023530,롯데쇼핑,KOSPI
681,023590,다우기술,KOSPI
682,023600,삼보판지,KOSDAQ
683,023760,한국캐피탈,KOSDAQ
684,023790,동일철강,KOSDAQ
685,023800,인지컨트롤스,KOSPI
686,023810,인팩,KOSPI
687,023890,아트라스BX,KOSDAQ
688,023900,풍국주정,KOSDAQ
689,023910,대한약품,KOSDAQ
690,023960,에쓰씨엔지니어링,KOSPI
691,024060,흥구석유,KOSDAQ
692,024070,WISCOM,KOSPI
693,024090,디씨엠,KOSPI
694,024110,기업은행,KOSPI
695,024120,KB오토시스,KOSDAQ
696,024660,하림홀딩스,KOSDAQ
697,024720,한국콜마홀딩스,KOSPI
698,024740,한일단조,KOSDAQ
699,024800,유성티엔에스,KOSDAQ
700,024810,이화전기,KOSDAQ
701,024830,세원물산,KOSDAQ
702,024840,갑을메탈,KOSDAQ
703,024850,피에스엠씨,KOSDAQ
704,024880,케이피에프,KOSDAQ
705,024890,대원화성,KOSPI
706,024900,덕양산업,KOSPI
707,024910,경창산업,KOSDAQ
708,024940,PN풍년,KOSDAQ
709,024950,삼천리자전거,KOSDAQ
710,025000,KPX케미칼,KOSPI
711,025320,시노펙스,KOSDAQ
712,025530,SJM홀딩스,KOSPI
713,025540,한국단자,KOSPI
714,025550,한국선재,KOSDAQ
715,025560,미래산업,KOSPI
716,025750,한솔홈데코,KOSPI
717,025770,한국정보통신,KOSDAQ
718,025820,이구산업,KOSPI
719,025860,남해화학,KOSPI
720,025870,신라에스지,KOSDAQ
721,025880,케이씨피드,KOSDAQ
722,025890,한국주강,KOSPI
723,025900,동화홀딩스,KOSDAQ
724,025950,동신건설,KOSDAQ
725,025980,에머슨퍼시픽,KOSDAQ
726,026040,제이에스티나,KOSDAQ
727,026150,특수건설,KOSDAQ
728,026180,현대정보기술,KOSDAQ
729,026260,카테아,KOSDAQ
730,026890,디피씨,KOSPI
731,026910,광진실업,KOSDAQ
732,026940,부국철강,KOSPI
733,026960,동서,KOSDAQ
734,027040,서울전자통신,KOSDAQ
735,027050,코리아나,KOSDAQ
736,027390,한화타임월드,KOSPI
737,027410,BGF,KOSPI
738,027580,상보,KOSDAQ
739,027710,팜스토리,KOSDAQ
740,027740,마니커,KOSPI
741,027830,대성창투,KOSDAQ
742,027970,세하,KOSPI
743,028050,삼성엔지니어링,KOSPI
744,028080,휴맥스홀딩스,KOSDAQ
745,028100,동아지질,KOSPI
746,028150,GS홈쇼핑,KOSDAQ
747,028260,삼성물산,KOSPI
748,02826K,삼성물산우B,KOSPI
749,028300,에이치엘비,KOSDAQ
750,028670,STX팬오션,KOSPI
751,029460,케이씨,KOSPI
752,029530,신도리코,KOSPI
753,029780,삼성카드,KOSPI
754,029960,코엔텍,KOSDAQ
755,030000,제일기획,KOSPI
756,030190,NICE평가정보,KOSDAQ
757,030200,KT,KOSPI
758,030210,KTB투자증권,KOSPI
759,030270,에스마크,KOSDAQ
760,030350,드래곤플라이,KOSDAQ
761,030520,한글과컴퓨터,KOSDAQ
762,030530,원익홀딩스,KOSDAQ
763,030610,교보증권,KOSPI
764,030720,동원수산,KOSPI
765,030790,동양네트웍스,KOSPI
766,030960,양지사,KOSDAQ
767,031310,아이즈비전,KOSDAQ
768,031330,에스에이엠티,KOSDAQ
769,031390,녹십자셀,KOSDAQ
770,031430,신세계인터내셔날,KOSPI
771,031440,신세계푸드,KOSPI
772,031510,오스템,KOSDAQ
773,031820,콤텍시스템,KOSPI
774,031860,엔에스엔,KOSDAQ
775,031980,피에스케이,KOSDAQ
776,032040,C&S;자산관리,KOSDAQ
777,032080,아즈텍WB,KOSDAQ
778,032190,다우데이타,KOSDAQ
779,032280,삼일,KOSDAQ
780,032350,롯데관광개발,KOSPI
781,032500,케이엠더블유,KOSDAQ
782,032540,TJ미디어,KOSDAQ
783,032560,황금에스티,KOSPI
784,032580,피델릭스,KOSDAQ
785,032620,유비케어,KOSDAQ
786,032640,LG유플러스,KOSPI
787,032680,비티씨정보,KOSDAQ
788,032685,비티씨정보우,KOSDAQ
789,032750,삼진,KOSDAQ
790,032800,G러닝,KOSDAQ
791,032820,우리기술,KOSDAQ
792,032830,삼성생명,KOSPI
793,032850,비트컴퓨터,KOSDAQ
794,032940,원익,KOSDAQ
795,032960,동일기연,KOSDAQ
796,032980,바이온,KOSDAQ
797,033050,제이엠아이,KOSDAQ
798,033100,제룡전기,KOSDAQ
799,033110,이디,KOSDAQ
800,033130,디지틀조선,KOSDAQ
801,033160,엠케이전자,KOSDAQ
802,033170,시그네틱스,KOSDAQ
803,033180,필룩스,KOSPI
804,033200,모아텍,KOSDAQ
805,033230,인성정보,KOSDAQ
806,033240,자화전자,KOSPI
807,033250,체시스,KOSPI
808,033270,유나이티드제약,KOSPI
809,033290,코웰패션,KOSDAQ
810,033310,디케이디앤아이,KOSDAQ
811,033320,제이씨현,KOSDAQ
812,033340,좋은사람들,KOSDAQ
813,033500,동성화인텍,KOSDAQ
814,033530,세종공업,KOSPI
815,033540,파라텍,KOSDAQ
816,033560,블루콤,KOSDAQ
817,033600,이젠텍,KOSDAQ
818,033640,네패스,KOSDAQ
819,033660,아주캐피탈,KOSPI
820,033780,KT&G;,KOSPI
821,033790,스카이문스테크놀로지,KOSDAQ
822,033830,티비씨,KOSDAQ
823,033920,무학,KOSPI
824,034020,두산중공업,KOSPI
825,034120,SBS,KOSPI
826,034220,LG디스플레이,KOSPI
827,034230,파라다이스,KOSDAQ
828,034300,신세계건설,KOSPI
829,034310,NICE,KOSPI
830,034590,인천도시가스,KOSPI
831,034730,SK,KOSPI
832,03473K,SK우,KOSPI
833,034810,해성산업,KOSDAQ
834,034830,한국토지신탁,KOSDAQ
835,034940,조아제약,KOSDAQ
836,034950,한국기업평가,KOSDAQ
837,035000,지투알,KOSPI
838,035080,인터파크홀딩스,KOSDAQ
839,035150,백산,KOSPI
840,035200,프럼파스트,KOSDAQ
841,035250,강원랜드,KOSPI
842,035420,NHN,KOSPI
843,035460,기산텔레콤,KOSDAQ
844,035510,신세계 I&C;,KOSPI
845,035600,KG이니시스,KOSDAQ
846,035610,솔본,KOSDAQ
847,035720,카카오,KOSDAQ
848,035760,CJ오쇼핑,KOSDAQ
849,035810,이지바이오,KOSDAQ
850,035890,서희건설,KOSDAQ
851,035900,JYP Ent.,KOSDAQ
852,036000,예림당,KOSDAQ
853,036010,아비코전자,KOSDAQ
854,036030,KTH,KOSDAQ
855,036090,위지트,KOSDAQ
856,036120,SCI평가정보,KOSDAQ
857,036170,씨티엘,KOSDAQ
858,036180,영인프런티어,KOSDAQ
859,036190,금화피에스시,KOSDAQ
860,036200,유니셈,KOSDAQ
861,036260,이매진아시아,KOSDAQ
862,036420,제이콘텐트리,KOSDAQ
863,036460,한국가스공사,KOSPI
864,036480,대성미생물,KOSDAQ
865,036490,SK머티리얼즈,KOSDAQ
866,036530,S&T;홀딩스,KOSPI
867,036540,SFA반도체,KOSDAQ
868,036560,영풍정밀,KOSDAQ
869,036570,엔씨소프트,KOSPI
870,036580,팜스코,KOSPI
871,036620,버추얼텍,KOSDAQ
872,036630,세종텔레콤,KOSDAQ
873,036640,HRS,KOSDAQ
874,036670,KCI,KOSDAQ
875,036690,코맥스,KOSDAQ
876,036710,심텍홀딩스,KOSDAQ
877,036800,나이스정보통신,KOSDAQ
878,036810,에프에스티,KOSDAQ
879,036830,솔브레인,KOSDAQ
880,036890,진성티이씨,KOSDAQ
881,036930,주성엔지니어링,KOSDAQ
882,037070,파세코,KOSDAQ
883,037230,한국팩키지,KOSDAQ
884,037270,YG PLUS,KOSPI
885,037330,인지디스플레,KOSDAQ
886,037350,성도이엔지,KOSDAQ
887,037370,EG,KOSDAQ
888,037400,우리조명지주,KOSDAQ
889,037440,희림,KOSDAQ
890,037460,삼지전자,KOSDAQ
891,037560,CJ헬로,KOSPI
892,037710,광주신세계,KOSPI
893,037760,쎄니트,KOSDAQ
894,037950,한성엘컴텍,KOSDAQ
895,038010,제일테크노스,KOSDAQ
896,038060,루멘스,KOSDAQ
897,038070,서린바이오,KOSDAQ
898,038110,에코플라스틱,KOSDAQ
899,038160,팍스넷,KOSDAQ
900,038290,마크로젠,KOSDAQ
901,038390,레드캡투어,KOSDAQ
902,038460,바이오스마트,KOSDAQ
903,038500,삼표시멘트,KOSDAQ
904,038530,골드퍼시픽,KOSDAQ
905,038540,텍셀네트컴,KOSDAQ
906,038620,위즈코프,KOSDAQ
907,038680,에스넷,KOSDAQ
908,038870,에코바이오,KOSDAQ
909,038880,아이에이,KOSDAQ
910,038950,파인디지털,KOSDAQ
911,039010,현대통신,KOSDAQ
912,039020,이건홀딩스,KOSDAQ
913,039030,이오테크닉스,KOSDAQ
914,039130,하나투어,KOSPI
915,039200,오스코텍,KOSDAQ
916,039230,폭스브레인,KOSDAQ
917,039240,경남스틸,KOSDAQ
918,039290,인포뱅크,KOSDAQ
919,039310,세중,KOSDAQ
920,039340,한국경제TV,KOSDAQ
921,039420,케이엘넷,KOSDAQ
922,039440,에스티아이,KOSDAQ
923,039490,키움증권,KOSPI
924,039560,다산네트웍스,KOSDAQ
925,039570,아이콘트롤스,KOSPI
926,039610,화성밸브,KOSDAQ
927,039670,스포츠서울,KOSDAQ
928,039740,한국정보공학,KOSDAQ
929,039830,오로라,KOSDAQ
930,039840,디오,KOSDAQ
931,039860,나노엔텍,KOSDAQ
932,039980,리노스,KOSDAQ
933,040160,누리텔레콤,KOSDAQ
934,040300,YTN,KOSDAQ
935,040350,큐로컴,KOSDAQ
936,040420,정상제이엘에스,KOSDAQ
937,040610,SG&G;,KOSDAQ
938,040910,아이씨디,KOSDAQ
939,041020,인프라웨어,KOSDAQ
940,041140,게임하이,KOSDAQ
941,041190,우리기술투자,KOSDAQ
942,041440,에버다임,KOSDAQ
943,041460,한국전자인증,KOSDAQ
944,041510,에스엠,KOSDAQ
945,041520,이라이콤,KOSDAQ
946,041590,GemTech,KOSDAQ
947,041650,상신브레이크,KOSPI
948,041830,바이오스페이스,KOSDAQ
949,041910,에스텍파마,KOSDAQ
950,041920,메디아나,KOSDAQ
951,041930,동아화성,KOSDAQ
952,041960,코미팜,KOSDAQ
953,042000,카페24,KOSDAQ
954,042110,에스씨디,KOSDAQ
955,042370,비츠로테크,KOSDAQ
956,042420,네오위즈홀딩스,KOSDAQ
957,042500,링네트,KOSDAQ
958,042510,라온시큐어,KOSDAQ
959,042520,한스바이오메드,KOSDAQ
960,042600,새로닉스,KOSDAQ
961,042660,대우조선해양,KOSPI
962,042670,두산인프라코어,KOSPI
963,042700,한미반도체,KOSPI
964,043090,팜스웰바이오,KOSDAQ
965,043150,바텍,KOSDAQ
966,043200,파루,KOSDAQ
967,043260,성호전자,KOSDAQ
968,043290,케이맥,KOSDAQ
969,043340,에쎈테크,KOSDAQ
970,043360,디지아이,KOSDAQ
971,043370,평화정공,KOSDAQ
972,043590,크로바하이텍,KOSDAQ
973,043610,지니뮤직,KOSDAQ
974,043650,국순당,KOSDAQ
975,043910,자연과환경,KOSDAQ
976,044060,조광ILI,KOSDAQ
977,044180,KD건설,KOSDAQ
978,044340,위닉스,KOSDAQ
979,044380,주연테크,KOSPI
980,044450,KSS해운,KOSPI
981,044480,바이오제네틱스,KOSDAQ
982,044490,태웅,KOSDAQ
983,044780,에이치케이,KOSDAQ
984,044820,코스맥스,KOSPI
985,044960,이-글 벳,KOSDAQ
986,045060,오공,KOSDAQ
987,045100,한양이엔지,KOSDAQ
988,045300,성우테크론,KOSDAQ
989,045340,토탈소프트,KOSDAQ
990,045390,대아티아이,KOSDAQ
991,045510,정원엔시스,KOSDAQ
992,045520,크린앤사이언스,KOSDAQ
993,045660,에이텍,KOSDAQ
994,045890,DB라이텍,KOSDAQ
995,045970,코아시아홀딩스,KOSDAQ
996,046070,코다코,KOSDAQ
997,046110,한일네트웍스,KOSDAQ
998,046120,오르비텍,KOSDAQ
999,046140,SBS콘텐츠허브,KOSDAQ
1000,046210,파나진,KOSDAQ
1001,046310,백금T&A;,KOSDAQ
1002,046390,삼화네트웍스,KOSDAQ
1003,046440,KG모빌리언스,KOSDAQ
1004,046890,서울반도체,KOSDAQ
1005,046940,우원개발,KOSDAQ
1006,046970,우리로,KOSDAQ
1007,047040,대우건설,KOSPI
1008,047050,포스코대우,KOSPI
1009,047080,한빛소프트,KOSDAQ
1010,047310,파워로직스,KOSDAQ
1011,047400,유니온머티리얼,KOSPI
1012,047560,이스트소프트,KOSDAQ
1013,047810,한국항공우주,KOSPI
1014,047820,초록뱀,KOSDAQ
1015,048260,오스템임플란트,KOSDAQ
1016,048410,현대아이비티,KOSDAQ
1017,048430,유라테크,KOSDAQ
1018,048470,대동스틸,KOSDAQ
1019,048530,인트론바이오,KOSDAQ
1020,048550,SM C&C;,KOSDAQ
1021,048770,TPC,KOSDAQ
1022,048830,엔피케이,KOSDAQ
1023,048910,대원미디어,KOSDAQ
1024,049070,인탑스,KOSDAQ
1025,049080,기가레인,KOSDAQ
1026,049120,파인디앤씨,KOSDAQ
1027,049180,셀루메드,KOSDAQ
1028,049430,코메론,KOSDAQ
1029,049470,SGA,KOSDAQ
1030,049480,오픈베이스,KOSDAQ
1031,049520,유아이엘,KOSDAQ
1032,049550,잉크테크,KOSDAQ
1033,049630,재영솔루텍,KOSDAQ
1034,049720,고려신용정보,KOSDAQ
1035,049770,동원F&B;,KOSPI
1036,049800,우진플라임,KOSPI
1037,049830,승일,KOSDAQ
1038,049950,미래컴퍼니,KOSDAQ
1039,049960,쎌바이오텍,KOSDAQ
1040,050090,휘닉스소재,KOSDAQ
1041,050110,캠시스,KOSDAQ
1042,050120,라이브플렉스,KOSDAQ
1043,050540,한국코퍼레이션,KOSDAQ
1044,050760,에스폴리텍,KOSDAQ
1045,050860,아세아텍,KOSDAQ
1046,050890,쏠리드,KOSDAQ
1047,050960,수산아이앤티,KOSDAQ
1048,051160,지어소프트,KOSDAQ
1049,051360,토비스,KOSDAQ
1050,051370,인터플렉스,KOSDAQ
1051,051380,피씨디렉트,KOSDAQ
1052,051390,YW,KOSDAQ
1053,051490,나라엠앤디,KOSDAQ
1054,051500,CJ프레시웨이,KOSDAQ
1055,051600,한전KPS,KOSPI
1056,051630,진양화학,KOSPI
1057,051780,큐로홀딩스,KOSDAQ
1058,051900,LG생활건강,KOSPI
1059,051905,LG생활건강우,KOSPI
1060,051910,LG화학,KOSPI
1061,051915,LG화학우,KOSPI
1062,051980,넥스트바이오홀딩스,KOSDAQ
1063,052020,에스티큐브,KOSDAQ
1064,052190,이에스에이,KOSDAQ
1065,052220,iMBC,KOSDAQ
1066,052260,SK바이오랜드,KOSDAQ
1067,052290,트레이스,KOSDAQ
1068,052300,W홀딩컴퍼니,KOSDAQ
1069,052330,코텍,KOSDAQ
1070,052400,코나아이,KOSDAQ
1071,052460,아이크래프트,KOSDAQ
1072,052600,한네트,KOSDAQ
1073,052670,제일바이오,KOSDAQ
1074,052690,한전기술,KOSPI
1075,052710,아모텍,KOSDAQ
1076,052770,와이디온라인,KOSDAQ
1077,052790,액토즈소프트,KOSDAQ
1078,052860,아이앤씨,KOSDAQ
1079,053030,바이넥스,KOSDAQ
1080,053050,지에스이,KOSDAQ
1081,053060,세동,KOSDAQ
1082,053110,소리바다,KOSDAQ
1083,053160,프리엠스,KOSDAQ
1084,053210,스카이라이프,KOSPI
1085,053260,금강철강,KOSDAQ
1086,053270,구영테크,KOSDAQ
1087,053280,예스24,KOSDAQ
1088,053290,NE능률,KOSDAQ
1089,053300,한국정보인증,KOSDAQ
1090,053350,이니텍,KOSDAQ
1091,053450,세코닉스,KOSDAQ
1092,053590,한국테크놀로지,KOSDAQ
1093,053610,프로텍,KOSDAQ
1094,053620,태양,KOSDAQ
1095,053690,한미글로벌,KOSPI
1096,053700,삼보모터스,KOSDAQ
1097,053800,안랩,KOSDAQ
1098,053950,경남제약,KOSDAQ
1099,053980,오상자이엘,KOSDAQ
1100,054040,한국컴퓨터,KOSDAQ
1101,054050,농우바이오,KOSDAQ
1102,054090,삼진엘앤디,KOSDAQ
1103,054180,중앙오션,KOSDAQ
1104,054210,이랜텍,KOSDAQ
1105,054220,비츠로시스,KOSDAQ
1106,054300,팬스타엔터프라이즈,KOSDAQ
1107,054410,케이피티,KOSDAQ
1108,054450,텔레칩스,KOSDAQ
1109,054540,삼영엠텍,KOSDAQ
1110,054620,APS홀딩스,KOSDAQ
1111,054630,에이디칩스,KOSDAQ
1112,054670,대한뉴팜,KOSDAQ
1113,054780,키이스트,KOSDAQ
1114,054800,아이디스홀딩스,KOSDAQ
1115,054920,한컴시큐어,KOSDAQ
1116,054930,유신,KOSDAQ
1117,054940,엑사이엔씨,KOSDAQ
1118,054950,제이브이엠,KOSDAQ
1119,055550,신한지주,KOSPI
1120,056080,유진로봇,KOSDAQ
1121,056090,유앤아이,KOSDAQ
1122,056190,에스에프에이,KOSDAQ
1123,056360,코위버,KOSDAQ
1124,056700,신화인터텍,KOSDAQ
1125,057030,와이비엠넷,KOSDAQ
1126,057050,현대홈쇼핑,KOSPI
1127,057500,SKC 솔믹스,KOSDAQ
1128,057540,옴니시스템,KOSDAQ
1129,057680,옴니텔,KOSDAQ
1130,057880,토필드,KOSDAQ
1131,058110,멕아이씨에스,KOSDAQ
1132,058220,아리온,KOSDAQ
1133,058400,KNN,KOSDAQ
1134,058430,포스코강판,KOSPI
1135,058450,일야,KOSDAQ
1136,058470,리노공업,KOSDAQ
1137,058530,크레아플래닛,KOSDAQ
1138,058610,에스피지,KOSDAQ
1139,058630,엠게임,KOSDAQ
1140,058650,세아홀딩스,KOSPI
1141,058730,동아에스텍,KOSPI
1142,058820,CMG제약,KOSDAQ
1143,058850,KTcs,KOSPI
1144,058860,케이티스,KOSPI
1145,059090,코미코,KOSDAQ
1146,059100,아이컴포넌트,KOSDAQ
1147,059120,아진엑스텍,KOSDAQ
1148,059210,메타바이오메드,KOSDAQ
1149,060150,인선이엔티,KOSDAQ
1150,060230,이그잭스,KOSDAQ
1151,060240,룽투코리아,KOSDAQ
1152,060250,NHN한국사이버결제,KOSDAQ
1153,060260,뉴보텍,KOSDAQ
1154,060280,큐렉소,KOSDAQ
1155,060300,레드로버,KOSDAQ
1156,060310,3S,KOSDAQ
1157,060370,KT서브마린,KOSDAQ
1158,060380,동양에스텍,KOSDAQ
1159,060480,국일신동,KOSDAQ
1160,060540,에스에이티,KOSDAQ
1161,060560,홈센타홀딩스,KOSDAQ
1162,060570,아이리버,KOSDAQ
1163,060590,씨티씨바이오,KOSDAQ
1164,060720,KH바텍,KOSDAQ
1165,060980,만도,KOSPI
1166,061040,알에프텍,KOSDAQ
1167,061250,화일약품,KOSDAQ
1168,061460,한진피앤씨,KOSDAQ
1169,061970,엘비세미콘,KOSDAQ
1170,062860,티엘아이,KOSDAQ
1171,063080,게임빌,KOSDAQ
1172,063160,종근당바이오,KOSPI
1173,063170,서울옥션,KOSDAQ
1174,063440,에프엔씨애드컬쳐,KOSDAQ
1175,063570,한국전자금융,KOSDAQ
1176,063760,이엘티,KOSDAQ
1177,064240,홈캐스트,KOSDAQ
1178,064260,다날,KOSDAQ
1179,064290,인텍플러스,KOSDAQ
1180,064350,현대로템,KOSPI
1181,064480,브리지텍,KOSDAQ
1182,064510,에코마이스터,KOSDAQ
1183,064520,바른전자,KOSDAQ
1184,064550,바이오니아,KOSDAQ
1185,064760,티씨케이,KOSDAQ
1186,064800,필링크,KOSDAQ
1187,064820,케이프,KOSDAQ
1188,064960,S&T;모티브,KOSPI
1189,065060,지엔코,KOSDAQ
1190,065130,탑엔지니어링,KOSDAQ
1191,065160,에프티이앤이,KOSDAQ
1192,065170,넥스트BT,KOSDAQ
1193,065350,신성델타테크,KOSDAQ
1194,065420,에스아이리소스,KOSDAQ
1195,065440,이루온,KOSDAQ
1196,065450,빅텍,KOSDAQ
1197,065500,오리엔트정공,KOSDAQ
1198,065510,휴비츠,KOSDAQ
1199,065530,전파기지국,KOSDAQ
1200,065560,녹원씨아이,KOSDAQ
1201,065570,삼영이엔씨,KOSDAQ
1202,065620,샤인,KOSDAQ
1203,065650,메디프론,KOSDAQ
1204,065660,안트로젠,KOSDAQ
1205,065680,우주일렉트로,KOSDAQ
1206,065690,대진디엠피,KOSDAQ
1207,065710,서호전기,KOSDAQ
1208,065940,바이오빌,KOSDAQ
1209,065950,웰크론,KOSDAQ
1210,066110,한프,KOSDAQ
1211,066130,하츠,KOSDAQ
1212,066310,큐에스아이,KOSDAQ
1213,066360,체리부로,KOSDAQ
1214,066410,투윈글로벌,KOSDAQ
1215,066570,LG전자,KOSPI
1216,066575,LG전자우,KOSPI
1217,066590,우수AMS,KOSDAQ
1218,066620,국보디자인,KOSDAQ
1219,066670,디스플레이텍,KOSDAQ
1220,066700,테라젠이텍스,KOSDAQ
1221,066790,씨씨에스,KOSDAQ
1222,066900,디에이피,KOSDAQ
1223,066910,손오공,KOSDAQ
1224,066970,엘앤에프,KOSDAQ
1225,066980,브레인콘텐츠,KOSDAQ
1226,067000,조이시티,KOSDAQ
1227,067010,이씨에스,KOSDAQ
1228,067080,대화제약,KOSDAQ
1229,067160,아프리카TV,KOSDAQ
1230,067170,오텍,KOSDAQ
1231,067280,멀티캠퍼스,KOSDAQ
1232,067290,JW신약,KOSDAQ
1233,067310,하나마이크론,KOSDAQ
1234,067390,아스트,KOSDAQ
1235,067570,엔브이에이치코리아,KOSDAQ
1236,067630,에이치엘비생명과학,KOSDAQ
1237,067730,로지시스,KOSDAQ
1238,067770,세진티에스,KOSDAQ
1239,067830,세이브존I&C;,KOSPI
1240,067900,와이엔텍,KOSDAQ
1241,067920,이글루시큐리티,KOSDAQ
1242,067990,도이치모터스,KOSDAQ
1243,068050,팬엔터테인먼트,KOSDAQ
1244,068240,다원시스,KOSDAQ
1245,068270,셀트리온,KOSDAQ
1246,068290,삼성출판사,KOSPI
1247,068330,일신바이오,KOSDAQ
1248,068400,AJ렌터카,KOSPI
1249,068760,셀트리온제약,KOSDAQ
1250,068790,DMS,KOSDAQ
1251,068930,디지털대성,KOSDAQ
1252,068940,아이씨케이,KOSDAQ
1253,069080,웹젠,KOSDAQ
1254,069110,코스온,KOSDAQ
1255,069140,누리플랜,KOSDAQ
1256,069260,휴켐스,KOSPI
1257,069330,유아이디,KOSDAQ
1258,069410,엔텔스,KOSDAQ
1259,069460,대호에이엘,KOSPI
1260,069500,KODEX 200,ETF
1261,069510,에스텍,KOSDAQ
1262,069540,라이트론,KOSDAQ
1263,069620,대웅제약,KOSPI
1264,069640,한세엠케이,KOSPI
1265,069660,KOSEF 200,ETF
1266,069730,DSR제강,KOSPI
1267,069920,아이에스이커머스,KOSDAQ
1268,069960,현대백화점,KOSPI
1269,070300,한솔시큐어,KOSDAQ
1270,070590,한솔인티큐브,KOSDAQ
1271,070960,용평리조트,KOSPI
1272,071050,한국금융지주,KOSPI
1273,071055,한국금융지주우,KOSPI
1274,071090,하이스틸,KOSPI
1275,071200,인피니트헬스케어,KOSDAQ
1276,071280,로체시스템즈,KOSDAQ
1277,071320,지역난방공사,KOSPI
1278,071460,대유위니아,KOSDAQ
1279,071670,에이테크솔루션,KOSDAQ
1280,071840,롯데하이마트,KOSPI
1281,071850,캐스텍코리아,KOSDAQ
1282,071950,코아스,KOSPI
1283,071970,STX중공업,KOSPI
1284,072020,중앙백신,KOSDAQ
1285,072130,유엔젤,KOSPI
1286,072470,우리산업홀딩스,KOSDAQ
1287,072520,태양씨앤엘,KOSDAQ
1288,072710,농심홀딩스,KOSPI
1289,072770,네오디안테크놀로지,KOSDAQ
1290,072870,메가스터디,KOSDAQ
1291,072950,빛샘전자,KOSDAQ
1292,072990,에이치시티,KOSDAQ
1293,073070,넥센테크,KOSDAQ
1294,073110,엘엠에스,KOSDAQ
1295,073190,듀오백코리아,KOSDAQ
1296,073240,금호타이어,KOSPI
1297,073490,이노와이어리스,KOSDAQ
1298,073540,에프알텍,KOSDAQ
1299,073560,우리손에프앤지,KOSDAQ
1300,073570,프롬써어티,KOSDAQ
1301,073640,삼원테크,KOSDAQ
1302,074430,아미노로직스,KOSDAQ
1303,074600,원익QnC,KOSDAQ
1304,074610,나노메딕스,KOSPI
1305,075130,플랜티넷,KOSDAQ
1306,075180,새론오토모티브,KOSPI
1307,075580,세진중공업,KOSPI
1308,075970,동국알앤에스,KOSDAQ
1309,076080,웰크론한텍,KOSDAQ
1310,076610,해성옵틱스,KOSDAQ
1311,077280,한컴지엠디,KOSDAQ
1312,077360,덕산하이메탈,KOSDAQ
1313,077500,유니퀘스트,KOSPI
1314,078000,텔코웨어,KOSPI
1315,078020,이베스트투자증권,KOSDAQ
1316,078070,유비쿼스홀딩스,KOSDAQ
1317,078130,국일제지,KOSDAQ
1318,078140,대봉엘에스,KOSDAQ
1319,078150,HB테크놀러지,KOSDAQ
1320,078160,메디포스트,KOSDAQ
1321,078340,컴투스,KOSDAQ
1322,078350,한양디지텍,KOSDAQ
1323,078520,에이블씨엔씨,KOSPI
1324,078590,두올산업,KOSDAQ
1325,078600,대주전자재료,KOSDAQ
1326,078650,코렌,KOSDAQ
1327,078860,아이오케이,KOSDAQ
1328,078890,가온미디어,KOSDAQ
1329,078930,GS,KOSPI
1330,078935,GS우,KOSPI
1331,078940,일경산업개발,KOSDAQ
1332,079000,와토스코리아,KOSDAQ
1333,079160,CJ CGV,KOSPI
1334,079170,한창산업,KOSDAQ
1335,079190,EMW,KOSDAQ
1336,079370,제우스,KOSDAQ
1337,079430,리바트,KOSPI
1338,079550,LIG넥스원,KOSPI
1339,079650,서산,KOSDAQ
1340,079660,사조해표,KOSPI
1341,079810,디이엔티,KOSDAQ
1342,079940,가비아,KOSDAQ
1343,079950,인베니아,KOSDAQ
1344,079960,동양이엔피,KOSDAQ
1345,079970,투비소프트,KOSDAQ
1346,079980,휴비스,KOSPI
1347,080000,에스엔유,KOSDAQ
1348,080010,이상네트웍스,KOSDAQ
1349,080160,모두투어,KOSDAQ
1350,080220,제주반도체,KOSDAQ
1351,080420,모다이노칩,KOSDAQ
1352,080470,성창오토텍,KOSDAQ
1353,080520,오디텍,KOSDAQ
1354,080530,코디,KOSDAQ
1355,080580,오킨스전자,KOSDAQ
1356,081000,일진다이아,KOSPI
1357,081150,티플랙스,KOSDAQ
1358,081580,성우전자,KOSDAQ
1359,081660,휠라코리아,KOSPI
1360,081970,넥스지,KOSDAQ
1361,082210,옵트론텍,KOSDAQ
1362,082270,젬백스,KOSDAQ
1363,082640,동양생명,KOSPI
1364,082660,크루셜엠스,KOSDAQ
1365,082740,두산엔진,KOSPI
1366,082800,루미마이크로,KOSDAQ
1367,082850,우리이티아이,KOSDAQ
1368,083310,엘오티베큠,KOSDAQ
1369,083370,동북아12호,KOSPI
1370,083380,동북아13호,KOSPI
1371,083420,KPX그린케미칼,KOSPI
1372,083450,GST,KOSDAQ
1373,083470,KJ프리텍,KOSDAQ
1374,083500,에프엔에스테크,KOSDAQ
1375,083550,케이엠,KOSDAQ
1376,083640,인콘,KOSDAQ
1377,083650,비에이치아이,KOSDAQ
1378,083660,CSA 코스믹,KOSDAQ
1379,083790,크리스탈,KOSDAQ
1380,083930,아바코,KOSDAQ
1381,084010,대한제강,KOSPI
1382,084110,휴온스글로벌,KOSDAQ
1383,084180,수성,KOSDAQ
1384,084370,유진테크,KOSDAQ
1385,084650,랩지노믹스,KOSDAQ
1386,084670,동양고속,KOSPI
1387,084680,이월드,KOSPI
1388,084690,대상홀딩스,KOSPI
1389,084695,대상홀딩스우,KOSPI
1390,084730,팅크웨어,KOSDAQ
1391,084870,TBH글로벌,KOSPI
1392,084990,바이로메드,KOSDAQ
1393,085310,엔케이,KOSPI
1394,085370,루트로닉,KOSDAQ
1395,085620,미래에셋생명,KOSPI
1396,085660,차바이오앤,KOSDAQ
1397,085670,뉴프렉스,KOSDAQ
1398,085810,알티캐스트,KOSDAQ
1399,085910,네오티스,KOSDAQ
1400,086040,바이오톡스텍,KOSDAQ
1401,086060,진바이오텍,KOSDAQ
1402,086250,화신테크,KOSDAQ
1403,086280,현대글로비스,KOSPI
1404,086390,유니테스트,KOSDAQ
1405,086450,동국제약,KOSDAQ
1406,086520,에코프로,KOSDAQ
1407,086670,비엠티,KOSDAQ
1408,086790,하나금융지주,KOSPI
1409,086890,이수앱지스,KOSDAQ
1410,086900,메디톡스,KOSDAQ
1411,086960,한컴MDS,KOSDAQ
1412,086980,쇼박스,KOSDAQ
1413,087010,펩트론,KOSDAQ
1414,087260,모바일어플라이언스,KOSDAQ
1415,087600,픽셀플러스,KOSDAQ
1416,087730,네패스신소재,KOSDAQ
1417,088130,동아엘텍,KOSDAQ
1418,088290,이원컴포텍,KOSDAQ
1419,088350,한화생명,KOSPI
1420,088390,이녹스,KOSDAQ
1421,088790,진도,KOSPI
1422,088800,에이스테크,KOSDAQ
1423,088910,동우팜투테이블,KOSDAQ
1424,088980,맥쿼리인프라,KOSPI
1425,089010,켐트로닉스,KOSDAQ
1426,089030,테크윙,KOSDAQ
1427,089140,넥스턴,KOSDAQ
1428,089150,케이씨티,KOSDAQ
1429,089470,현대EP,KOSPI
1430,089530,아이테스트,KOSDAQ
1431,089590,제주항공,KOSPI
1432,089600,나스미디어,KOSDAQ
1433,089790,제이티,KOSDAQ
1434,089850,유비벨록스,KOSDAQ
1435,089890,고려반도체,KOSDAQ
1436,089980,상아프론테크,KOSDAQ
1437,090080,평화산업,KOSPI
1438,090150,광진윈텍,KOSDAQ
1439,090350,노루페인트,KOSPI
1440,090355,노루페인트우,KOSPI
1441,090360,로보스타,KOSDAQ
1442,090370,아비스타,KOSPI
1443,090410,덕신하우징,KOSDAQ
1444,090430,아모레퍼시픽,KOSPI
1445,090435,아모레퍼시픽우,KOSPI
1446,090460,비에이치,KOSDAQ
1447,090470,제이스텍,KOSDAQ
1448,090710,디에스티로봇,KOSDAQ
1449,090730,SIMPAC Metal,KOSDAQ
1450,090740,연이정보통신,KOSDAQ
1451,090850,이지웰페어,KOSDAQ
1452,091090,세원셀론텍,KOSPI
1453,091120,이엠텍,KOSDAQ
1454,091160,KODEX 반도체,ETF
1455,091170,KODEX 은행,ETF
1456,091180,KODEX 자동차,ETF
1457,091210,TIGER KRX100,ETF
1458,091220,TIGER 은행,ETF
1459,091230,TIGER 반도체,ETF
1460,091340,S&K;폴리텍,KOSDAQ
1461,091440,텔레필드,KOSDAQ
1462,091580,상신이디피,KOSDAQ
1463,091590,남화토건,KOSDAQ
1464,091700,파트론,KOSDAQ
1465,091970,나노캠텍,KOSDAQ
1466,091990,센트리온헬스케어,KOSDAQ
1467,092040,아미코젠,KOSDAQ
1468,092070,디엔에프,KOSDAQ
1469,092130,이크레더블,KOSDAQ
1470,092200,디아이씨,KOSPI
1471,092220,KEC,KOSPI
1472,092230,KPX홀딩스,KOSPI
1473,092300,현우산업,KOSDAQ
1474,092440,기신정기,KOSPI
1475,092460,한라IMS,KOSDAQ
1476,092600,넥스트칩,KOSDAQ
1477,092730,네오팜,KOSDAQ
1478,092780,동양피스톤,KOSPI
1479,092870,엑시콘,KOSDAQ
1480,093050,LG패션,KOSPI
1481,093190,빅솔론,KOSDAQ
1482,093230,이아이디,KOSPI
1483,093240,형지엘리트,KOSPI
1484,093320,케이아이엔엑스,KOSDAQ
1485,093370,후성,KOSPI
1486,093380,풍강,KOSDAQ
1487,093520,매커스,KOSDAQ
1488,093640,다믈멀티미디어,KOSDAQ
1489,093920,서원인텍,KOSDAQ
1490,094170,동운아나텍,KOSDAQ
1491,094190,이엘케이,KOSDAQ
1492,094280,효성ITX,KOSPI
1493,094360,칩스앤미디어,KOSDAQ
1494,094480,갤럭시아컴즈,KOSDAQ
1495,094800,맵스리얼티1,KOSPI
1496,094820,일진에너지,KOSDAQ
1497,094840,슈프리마에이치큐,KOSDAQ
1498,094850,참좋은여행,KOSDAQ
1499,094940,푸른기술,KOSDAQ
1500,094970,제이엠티,KOSDAQ
1501,095190,이엠코리아,KOSDAQ
1502,095270,웨이브일렉트로,KOSDAQ
1503,095340,ISC,KOSDAQ
1504,095500,미래나노텍,KOSDAQ
1505,095570,AJ네트웍스,KOSPI
1506,095610,테스,KOSDAQ
1507,095660,네오위즈,KOSDAQ
1508,095700,제넥신,KOSDAQ
1509,095720,웅진씽크빅,KOSPI
1510,095910,에스에너지,KOSDAQ
1511,096040,이트론,KOSDAQ
1512,096240,청담러닝,KOSDAQ
1513,096300,베트남개발1,KOSPI
1514,096350,대창솔루션,KOSDAQ
1515,096530,씨젠,KOSDAQ
1516,096610,알에프세미,KOSDAQ
1517,096630,에스코넥,KOSDAQ
1518,096640,멜파스,KOSDAQ
1519,096760,JW홀딩스,KOSPI
1520,096770,SK이노베이션,KOSPI
1521,096775,SK이노베이션우,KOSPI
1522,096870,엘디티,KOSDAQ
1523,097230,한진중공업,KOSPI
1524,097520,엠씨넥스,KOSDAQ
1525,097750,TREX 중소형가치,ETF
1526,097780,에스맥,KOSDAQ
1527,097800,윈팩,KOSDAQ
1528,097870,효성오앤비,KOSDAQ
1529,097950,CJ제일제당,KOSPI
1530,097955,CJ제일제당 우,KOSPI
1531,098120,마이크로컨텍솔,KOSDAQ
1532,098460,고영,KOSDAQ
1533,098560,TIGER 방송통신,ETF
1534,098660,에스티오,KOSDAQ
1535,099140,KODEX China H,ETF
1536,099190,아이센스,KOSDAQ
1537,099220,SDN,KOSDAQ
1538,099320,쎄트렉아이,KOSDAQ
1539,099340,하나니켈1호,KOSPI
1540,099350,하나니켈2호,KOSPI
1541,099410,동방선기,KOSDAQ
1542,099440,SMEC,KOSDAQ
1543,099520,ITX엠투엠,KOSDAQ
1544,099660,한솔신텍,KOSDAQ
1545,099830,씨그널엔터테인먼트그룹,KOSDAQ
1546,100030,모바일리더,KOSDAQ
1547,100090,삼강엠앤티,KOSDAQ
1548,100120,뷰웍스,KOSDAQ
1549,100130,동국S&C;,KOSDAQ
1550,100220,비상교육,KOSPI
1551,100250,진양홀딩스,KOSPI
1552,100660,서암기계공업,KOSDAQ
1553,100700,세운메디칼,KOSDAQ
1554,100840,S&TC;,KOSPI
1555,100910,KOSEF KRX100,ETF
1556,101000,디엠씨,KOSDAQ
1557,101060,SBS미디어홀딩스,KOSPI
1558,101140,아티스,KOSPI
1559,101160,월덱스,KOSDAQ
1560,101170,우림기계,KOSDAQ
1561,101240,씨큐브,KOSDAQ
1562,101280,KODEX 일본TOPIX100,ETF
1563,101330,모베이스,KOSDAQ
1564,101390,아이엠,KOSDAQ
1565,101400,엔시트론,KOSDAQ
1566,101490,에스앤에스텍,KOSDAQ
1567,101530,해태제과식품,KOSPI
1568,101670,코리아에스이,KOSDAQ
1569,101680,한국정밀기계,KOSDAQ
1570,101730,조이맥스,KOSDAQ
1571,101930,인화정공,KOSDAQ
1572,102110,TIGER 200,ETF
1573,102120,어보브반도체,KOSDAQ
1574,102210,해덕파워웨이,KOSDAQ
1575,102260,동성코퍼레이션,KOSPI
1576,102280,쌍방울,KOSPI
1577,102460,이연제약,KOSPI
1578,102710,이엔에프테크놀로지,KOSDAQ
1579,102780,KODEX 삼성그룹,ETF
1580,102940,코오롱생명과학,KOSDAQ
1581,102960,KODEX 기계장비,ETF
1582,102970,KODEX 증권,ETF
1583,103130,웅진에너지,KOSPI
1584,103140,풍산,KOSPI
1585,103230,에스앤더블류,KOSDAQ
1586,103590,일진전기,KOSPI
1587,104040,대성파인텍,KOSDAQ
1588,104200,NHN벅스,KOSDAQ
1589,104460,동양피엔에프,KOSDAQ
1590,104480,티케이케미칼,KOSDAQ
1591,104520,KOSEF 블루칩,ETF
1592,104530,KOSEF 고배당,ETF
1593,104540,코렌텍,KOSDAQ
1594,104700,한국철강,KOSPI
1595,104830,원익머트리얼즈,KOSDAQ
1596,105010,TIGER 라틴35,ETF
1597,105190,KINDEX 200,ETF
1598,105330,케이엔더블유,KOSDAQ
1599,105560,KB금융,KOSPI
1600,105630,한세실업,KOSPI
1601,105740,디케이락,KOSDAQ
1602,105780,KBSTAR 5대그룹주,ETF
1603,105840,우진,KOSPI
1604,106080,알비케이이엠디,KOSDAQ
1605,106190,하이텍팜,KOSDAQ
1606,106240,파인테크닉스,KOSDAQ
1607,106520,디지탈옵틱,KOSDAQ
1608,107590,미원홀딩스,KOSPI
1609,108230,톱텍,KOSDAQ
1610,108320,실리콘웍스,KOSDAQ
1611,108380,대양전기공업,KOSDAQ
1612,108450,KINDEX 삼성그룹섹터가중,ETF
1613,108590,TREX 200,ETF
1614,108670,LG하우시스,KOSPI
1615,108675,LG하우시스우,KOSPI
1616,108790,인터파크,KOSDAQ
1617,108860,셀바스AI,KOSDAQ
1618,109070,KGP,KOSPI
1619,109080,옵티시스,KOSDAQ
1620,109610,에스와이패널,KOSDAQ
1621,109740,디에스케이,KOSDAQ
1622,109820,진매트릭스,KOSDAQ
1623,109860,동일금속,KOSDAQ
1624,109960,에이프로젠 H&G;,KOSDAQ
1625,111770,영원무역,KOSPI
1626,111820,지와이커머스,KOSDAQ
1627,111870,삼본정밀전자,KOSDAQ
1628,112040,위메이드,KOSDAQ
1629,112610,씨에스윈드,KOSPI
1630,113810,디젠스,KOSDAQ
1631,114090,GKL,KOSPI
1632,114100,KBSTAR 국고채3년,ETF
1633,114120,크루셜텍,KOSDAQ
1634,114190,웰크론강원,KOSDAQ
1635,114260,KODEX 국고채3년,ETF
1636,114450,KPX생명과학,KOSDAQ
1637,114460,KINDEX 중기국고채,ETF
1638,114470,KOSEF 국고채3년,ETF
1639,114570,에스이티아이,KOSDAQ
1640,114630,우노앤컴퍼니,KOSDAQ
1641,114800,KODEX 인버스,ETF
1642,114810,아이원스,KOSDAQ
1643,114820,TIGER 국채3년,ETF
1644,115160,휴맥스,KOSDAQ
1645,115180,큐리언트,KOSDAQ
1646,115310,인포바인,KOSDAQ
1647,115390,락앤락,KOSPI
1648,115440,우리넷,KOSDAQ
1649,115450,디지탈아리아,KOSDAQ
1650,115480,씨유메디칼,KOSDAQ
1651,115500,케이씨에스,KOSDAQ
1652,115530,씨엔플러스,KOSDAQ
1653,115570,스타플렉스,KOSDAQ
1654,115610,이미지스,KOSDAQ
1655,115960,연우,KOSDAQ
1656,117460,KODEX 에너지화학,ETF
1657,117580,대성에너지,KOSPI
1658,117680,KODEX 철강,ETF
1659,117690,TIGER 차이나항셍25,ETF
1660,117700,KODEX 건설,ETF
1661,118000,우리들생명과학,KOSPI
1662,118990,모트렉스,KOSDAQ
1663,119500,포메탈,KOSDAQ
1664,119610,인터로조,KOSDAQ
1665,119650,KC코트렐,KOSPI
1666,119830,아이텍반도체,KOSDAQ
1667,119850,지엔씨에너지,KOSDAQ
1668,119860,다나와,KOSDAQ
1669,120030,조선선재,KOSPI
1670,120110,코오롱인더,KOSPI
1671,120115,코오롱인더우,KOSPI
1672,120240,대정화금,KOSDAQ
1673,121440,골프존뉴딘,KOSDAQ
1674,121600,나노신소재,KOSDAQ
1675,121850,코이즈,KOSDAQ
1676,121890,에스디시스템,KOSDAQ
1677,122090,ARIRANG 코스피50,ETF
1678,122260,KOSEF 통안채1년,ETF
1679,122350,삼기오토모티브,KOSDAQ
1680,122450,KMH,KOSDAQ
1681,122630,KODEX 레버리지,ETF
1682,122690,서진오토모티브,KOSDAQ
1683,122800,썬텍,KOSDAQ
1684,122870,와이지엔터테인먼트,KOSDAQ
1685,122900,아이마켓코리아,KOSPI
1686,122990,와이솔,KOSDAQ
1687,123010,옵토팩,KOSDAQ
1688,123040,엠에스오토텍,KOSDAQ
1689,123100,테라세미콘,KOSDAQ
1690,123260,사파이어테크놀로지,KOSDAQ
1691,123310,TIGER 인버스,ETF
1692,123320,TIGER 레버리지,ETF
1693,123330,제닉,KOSDAQ
1694,123410,코리아에프티,KOSDAQ
1695,123420,하나그린스팩,KOSDAQ
1696,123570,이엠넷,KOSDAQ
1697,123690,한국화장품,KOSPI
1698,123700,SJM,KOSPI
1699,123750,알톤스포츠,KOSDAQ
1700,123840,키움스팩1호,KOSDAQ
1701,123860,아나패스,KOSDAQ
1702,123890,한국자산신탁,KOSPI
1703,124500,아이티센,KOSDAQ
1704,126560,현대에이치씨엔,KOSPI
1705,126600,코프라,KOSDAQ
1706,126640,화신정공,KOSDAQ
1707,126700,하이비젼시스템,KOSDAQ
1708,126870,뉴로스,KOSDAQ
1709,126880,제이엔케이히터,KOSDAQ
1710,127120,디엔에이링크,KOSDAQ
1711,127160,매직마이크로,KOSDAQ
1712,127710,아시아경제,KOSDAQ
1713,128660,피제이메탈,KOSDAQ
1714,128820,대성산업,KOSPI
1715,128940,한미약품,KOSPI
1716,129260,인터지스,KOSPI
1717,130500,GH신소재,KOSDAQ
1718,130580,나이스디앤비,KOSDAQ
1719,130660,한전산업,KOSPI
1720,130680,TIGER 원유선물Enhanced(H),ETF
1721,130730,KOSEF 단기자금,ETF
1722,130740,티피씨글로벌,KOSDAQ
1723,130960,CJ E&M;,KOSDAQ
1724,131030,하이제1호스팩,KOSDAQ
1725,131090,시큐브,KOSDAQ
1726,131180,딜리,KOSDAQ
1727,131220,대한과학,KOSDAQ
1728,131290,티에스이,KOSDAQ
1729,131370,케이비게임앤앱스스팩,KOSDAQ
1730,131390,피앤이솔루션,KOSDAQ
1731,131400,액트,KOSDAQ
1732,131760,파인텍,KOSDAQ
1733,131890,KINDEX 삼성그룹동일가중,ETF
1734,131970,테스나,KOSDAQ
1735,132030,KODEX 골드선물(H),ETF
1736,133690,TIGER 미국나스닥100,ETF
1737,133750,메가엠디,KOSDAQ
1738,133820,화인베스틸,KOSPI
1739,134060,이퓨쳐,KOSDAQ
1740,134380,미원화학,KOSPI
1741,134580,디엠티,KOSDAQ
1742,134780,화진,KOSDAQ
1743,134790,팀스,KOSPI
1744,136340,KBSTAR 중기우량회사채,ETF
1745,136480,하림,KOSDAQ
1746,136490,선진,KOSPI
1747,136510,쎄미시스코,KOSDAQ
1748,136540,윈스테크넷,KOSDAQ
1749,137400,피엔티,KOSDAQ
1750,137610,TIGER 농산물선물Enhanced(H),ETF
1751,137930,마이다스 200커버드콜5%OTM,ETF
1752,137940,넥스트아이,KOSDAQ
1753,137950,제이씨케미칼,KOSDAQ
1754,138040,메리츠금융지주,KOSPI
1755,138070,신진에스엠,KOSDAQ
1756,138080,오이솔루션,KOSDAQ
1757,138230,KOSEF 미국달러선물,ETF
1758,138360,에이씨티,KOSDAQ
1759,138490,코오롱플라스틱,KOSPI
1760,138520,TIGER 삼성그룹펀더멘털,ETF
1761,138530,TIGER LG그룹+펀더멘털,ETF
1762,138540,TIGER 현대차그룹+펀더멘털,ETF
1763,138580,비즈니스온,KOSDAQ
1764,138610,나이벡,KOSDAQ
1765,138690,엘아이에스,KOSDAQ
1766,138910,KODEX 구리선물(H),ETF
1767,138920,KODEX 콩선물(H),ETF
1768,138930,BNK금융지주,KOSPI
1769,139050,아이지스시스템,KOSDAQ
1770,139130,DGB금융지주,KOSPI
1771,139220,TIGER 200 건설,ETF
1772,139230,TIGER 200 중공업,ETF
1773,139240,TIGER 200 철강소재,ETF
1774,139250,TIGER 200 에너지화학,ETF
1775,139260,TIGER 200 IT,ETF
1776,139270,TIGER 200 금융,ETF
1777,139280,TIGER 경기방어,ETF
1778,139290,TIGER 200 경기소비재,ETF
1779,139310,TIGER 금속선물(H),ETF
1780,139320,TIGER 금은선물(H),ETF
1781,139480,이마트,KOSPI
1782,139660,KOSEF 미국달러선물인버스,ETF
1783,139670,넥스트리밍,KOSDAQ
1784,140070,서플러스글로벌,KOSDAQ
1785,140410,메지온,KOSDAQ
1786,140520,대창스틸,KOSDAQ
1787,140570,KBSTAR 수출주,ETF
1788,140580,KBSTAR 우량업종,ETF
1789,140670,알에스오토메이션,KOSDAQ
1790,140700,KODEX 보험,ETF
1791,140710,KODEX 운송,ETF
1792,140860,파크시스템스,KOSDAQ
1793,140890,트러스제7호,KOSPI
1794,140950,파워 코스피100,ETF
1795,141000,비아트론,KOSDAQ
1796,141020,포티스,KOSDAQ
1797,141070,맥스로텍,KOSDAQ
1798,141080,레고켐바이오,KOSDAQ
1799,141240,ARIRANG 코스피100동일가중,ETF
1800,142210,유니트론텍,KOSDAQ
1801,142280,녹십자엠에스,KOSDAQ
1802,142760,바이오리더스,KOSDAQ
1803,143160,아이디스,KOSDAQ
1804,143210,핸즈코퍼레이션,KOSPI
1805,143240,사람인에이치알,KOSDAQ
1806,143460,KINDEX 밸류대형,ETF
1807,143540,영우디에스피,KOSDAQ
1808,143850,TIGER 미국S&P500;선물(H),ETF
1809,143860,TIGER 헬스케어,ETF
1810,144510,녹십자랩셀,KOSDAQ
1811,144600,KODEX 은선물(H),ETF
1812,144620,코오롱머티리얼,KOSPI
1813,144960,뉴파워프라즈마,KOSDAQ
1814,145020,휴젤,KOSDAQ
1815,145270,케이탑리츠,KOSPI
1816,145670,KINDEX 인버스,ETF
1817,145850,TREX 펀더멘탈 200,ETF
1818,145990,삼양사,KOSPI
1819,145995,삼양사우,KOSPI
1820,147760,마이크로프랜드,KOSDAQ
1821,147830,제룡산업,KOSDAQ
1822,147970,TIGER 모멘텀,ETF
1823,148020,KBSTAR 200,ETF
1824,148070,KOSEF 국고채10년,ETF
1825,148140,비디아이,KOSDAQ
1826,148250,알엔투테크놀로지,KOSDAQ
1827,149940,모다,KOSDAQ
1828,149950,아바텍,KOSDAQ
1829,149980,하이로닉,KOSDAQ
1830,150460,TIGER 중국소비테마,ETF
1831,150840,인트로메딕,KOSDAQ
1832,150900,파수닷컴,KOSDAQ
1833,152100,ARIRANG 200,ETF
1834,152180,TIGER 생활필수품,ETF
1835,152280,KOSEF 200,ETF
1836,152330,코리아오토글라스,KOSPI
1837,152380,KODEX 국채선물10년,ETF
1838,152500,KINDEX 레버리지,ETF
1839,152550,한국ANKOR유전,KOSPI
1840,152870,파워 200,ETF
1841,153130,KODEX 단기채권,ETF
1842,153270,KOSEF 코스피100,ETF
1843,153360,하이골드3호,KOSPI
1844,153460,네이블,KOSDAQ
1845,153490,우리이앤엘,KOSDAQ
1846,154030,아시아종묘,KOSDAQ
1847,154040,솔루에타,KOSDAQ
1848,155650,와이엠씨,KOSDAQ
1849,155660,DSR,KOSPI
1850,155900,바다로19호,KOSPI
1851,155960,지디,KOSDAQ
1852,156080,KODEX MSCI Korea,ETF
1853,156100,엘앤케이바이오,KOSDAQ
1854,157450,TIGER 단기통안채,ETF
1855,157490,TIGER 소프트웨어,ETF
1856,157500,TIGER 증권,ETF
1857,157510,TIGER 자동차,ETF
1858,157520,TIGER 화학,ETF
1859,158310,인터불스,KOSDAQ
1860,159580,제로투세븐,KOSDAQ
1861,159650,하이골드8호,KOSPI
1862,159800,마이티 코스피100,ETF
1863,159910,스킨앤스킨,KOSDAQ
1864,160550,NEW,KOSDAQ
1865,160580,TIGER 구리실물,ETF
1866,160600,에스엔텍,KOSDAQ
1867,160980,싸이맥스,KOSDAQ
1868,161000,애경유화,KOSPI
1869,161390,한국타이어,KOSPI
1870,161490,ARIRANG 경기방어주,ETF
1871,161500,ARIRANG 경기주도주,ETF
1872,161510,ARIRANG 고배당주,ETF
1873,161570,미동앤씨네마,KOSDAQ
1874,161580,필옵틱스,KOSDAQ
1875,161890,한국콜마,KOSPI
1876,163560,동일고무벨트,KOSPI
1877,166090,하나머티리얼즈,KOSDAQ
1878,166400,TIGER 200커버드콜5%OTM,ETF
1879,166480,코아스템,KOSDAQ
1880,167860,KOSEF 국고채10년레버리지,ETF
1881,168300,KTOP 코스피50,ETF
1882,168330,내츄럴엔도텍,KOSDAQ
1883,168490,한국패러랠,KOSPI
1884,168580,KINDEX 중국본토CSI300,ETF
1885,169950,KODEX 중국본토 A50,ETF
1886,170030,현대공업,KOSDAQ
1887,170350,TIGER 베타플러스,ETF
1888,170900,동아에스티,KOSPI
1889,170920,엘티씨,KOSDAQ
1890,171010,램테크놀러지,KOSDAQ
1891,171090,선익시스템,KOSDAQ
1892,171120,라이온켐텍,KOSDAQ
1893,173940,에프엔씨엔터,KOSDAQ
1894,174350,TIGER 로우볼,ETF
1895,174360,KBSTAR 중국본토대형주CSI100,ETF
1896,174880,장원테크,KOSDAQ
1897,174900,앱클론,KOSDAQ
1898,175140,인포마크,KOSDAQ
1899,175330,JB금융지주,KOSPI
1900,176440,에이치엔티,KOSDAQ
1901,176710,파워 중기국고채,ETF
1902,176950,KODEX 국채선물10년인버스,ETF
1903,177350,베셀,KOSDAQ
1904,177830,파버나인,KOSDAQ
1905,178320,서진시스템,KOSDAQ
1906,178780,유테크,KOSDAQ
1907,178920,SKC코오롱PI,KOSDAQ
1908,179900,유티아이,KOSDAQ
1909,180400,캔서롭,KOSDAQ
1910,180640,한진칼,KOSPI
1911,18064K,한진칼우,KOSPI
1912,181340,이즈미디어,KOSDAQ
1913,181480,KINDEX 미국다우존스리츠(합성 H),ETF
1914,181710,NHN엔터테인먼트,KOSPI
1915,182400,에이티젠,KOSDAQ
1916,182480,TIGER 미국MSCI리츠(합성 H),ETF
1917,182490,TIGER 단기선진하이일드(합성 H),ETF
1918,182690,테라셈,KOSDAQ
1919,183190,아세아시멘트,KOSPI
1920,183300,코미코,KOSDAQ
1921,183490,엔지켐생명과학,KOSDAQ
1922,183700,KBSTAR 채권혼합,ETF
1923,183710,KBSTAR 주식혼합,ETF
1924,185490,아이진,KOSDAQ
1925,185680,KODEX 미국S&P;바이오(합성),ETF
1926,185750,종근당,KOSPI
1927,187220,디티앤씨,KOSDAQ
1928,187270,신화콘텍,KOSDAQ
1929,187420,제노포커스,KOSDAQ
1930,187790,나노,KOSDAQ
1931,187870,디바이스이엔지,KOSDAQ
1932,189300,인텔리안테크,KOSDAQ
1933,189400,ARIRANG 글로벌MSCI(합성 H),ETF
1934,189690,포시에스,KOSDAQ
1935,189860,서전기전,KOSDAQ
1936,189980,흥국에프엔비,KOSDAQ
1937,190150,ARIRANG 바벨 채권,ETF
1938,190160,ARIRANG 단기유동성,ETF
1939,190510,나무가,KOSDAQ
1940,190620,KINDEX 단기통안채,ETF
1941,191410,육일씨엔에쓰,KOSDAQ
1942,191420,테고사이언스,KOSDAQ
1943,192080,더블유게임즈,KOSDAQ
1944,192090,TIGER 차이나CSI300,ETF
1945,192390,윈하이텍,KOSDAQ
1946,192400,쿠쿠홀딩스,KOSPI
1947,192410,감마누,KOSDAQ
1948,192440,슈피겐코리아,KOSDAQ
1949,192530,KJB금융지주,KOSPI
1950,192720,파워 고배당저변동성,ETF
1951,192820,코스맥스,KOSPI
1952,193250,와이제이엠게임즈,KOSDAQ
1953,194370,제이에스코퍼레이션,KOSPI
1954,194480,데브시스터즈,KOSDAQ
1955,194510,파티게임즈,KOSDAQ
1956,194610,우성아이비,KOSDAQ
1957,195440,퓨전데이타,KOSDAQ
1958,195870,해성디에스,KOSPI
1959,195920,TIGER 일본TOPIX(합성 H),ETF
1960,195930,TIGER 유로스탁스50(합성 H),ETF
1961,195970,ARIRANG 선진국MSCI(합성 H),ETF
1962,195980,ARIRANG 신흥국MSCI(합성 H),ETF
1963,195990,유지인트,KOSDAQ
1964,196030,KINDEX 일본TOPIX레버리지(H),ETF
1965,196170,알테오젠,KOSDAQ
1966,196220,KBSTAR 일본TOPIX레버리지(H),ETF
1967,196230,KBSTAR 단기통안채,ETF
1968,196300,애니젠,KOSDAQ
1969,196450,텔루스,KOSDAQ
1970,196490,디에이테크놀로지,KOSDAQ
1971,196700,웹스,KOSDAQ
1972,197210,리드,KOSDAQ
1973,198440,고려시멘트,KOSDAQ
1974,200020,KODEX 미국S&P; IT(합성),ETF
1975,200030,KODEX 미국S&P;산업재(합성),ETF
1976,200040,KODEX 미국S&P;금융(합성),ETF
1977,200050,KODEX 독일MSCI(합성),ETF
1978,200130,콜마비앤에이치,KOSDAQ
1979,200230,텔콘,KOSDAQ
1980,200250,KOSEF 인도Nifty50(합성),ETF
1981,200470,하이셈,KOSDAQ
1982,200670,휴메딕스,KOSDAQ
1983,200710,에이디테크놀로지,KOSDAQ
1984,200780,비씨월드제약,KOSDAQ
1985,200880,서연이화,KOSPI
1986,201490,미투온,KOSDAQ
1987,203450,유니온커뮤니티,KOSDAQ
1988,203650,드림시큐리티,KOSDAQ
1989,203690,프로스테믹스,KOSDAQ
1990,203780,TIGER 미국나스닥바이오,KOSPI
1991,204210,모두투어리츠,KOSPI
1992,204320,만도,KOSPI
1993,204420,ARIRANG 차이나H 레버리지(합성 H),KOSPI
1994,204450,KODEX China H 레버리지(H),KOSPI
1995,204480,TIGER 차이나CSI300레버리지(합성),KOSPI
1996,204620,글로벌텍스프리,KOSDAQ
1997,204630,화이브라더스코리아,KOSDAQ
1998,204840,지엘팜텍,KOSDAQ
1999,204990,현성바이탈,KOSDAQ
2000,205100,엑셈,KOSDAQ
2001,205470,휴마시스,KOSDAQ
2002,205500,액션스퀘어,KOSDAQ
2003,205720,KINDEX 일본TOPIX인버스(합성 H),KOSPI
2004,206400,엔터메이트,KOSDAQ
2005,206560,덱스터,KOSDAQ
2006,206640,바디텍메드,KOSDAQ
2007,206650,유바이오로직스,KOSDAQ
2008,206660,골든브릿지제2호스팩,KOSDAQ
2009,207720,엔에이치SL스팩,KOSDAQ
2010,207760,미스터블루,KOSDAQ
2011,207930,SK1호스팩,KOSDAQ
2012,207940,삼성바이오로직스,KOSPI
2013,208140,정다운,KOSDAQ
2014,208350,지란지교시큐리티,KOSDAQ
2015,208370,셀바스헬스케어,KOSDAQ
2016,208470,SMART 선진국MSCI World(합성 H),KOSPI
2017,208640,썸에이지,KOSDAQ
2018,208710,바이오로그디바이스,KOSDAQ
2019,208860,엔지스테크널러지,KOSDAQ
2020,210540,디와이파워,KOSPI
2021,210780,TIGER 코스피고배당,KOSPI
2022,210980,SK디앤디,KOSPI
2023,211210,마이티 코스피고배당,KOSPI
2024,211260,KINDEX 배당성장,KOSPI
2025,211270,AP위성,KOSDAQ
2026,211560,TIGER 배당성장,KOSPI
2027,211900,KODEX 배당성장,KOSPI
2028,212560,네오오토,KOSDAQ
2029,213090,미래테크놀로지,KOSDAQ
2030,213420,덕산네오룩스,KOSDAQ
2031,213500,한솔제지,KOSPI
2032,213610,KODEX 삼성그룹밸류,KOSPI
2033,213630,ARIRANG 미국다우존스고배당주(합성 H),KOSPI
2034,214150,클래시스,KOSDAQ
2035,214180,민앤지,KOSDAQ
2036,214320,이노션,KOSPI
2037,214330,금호에이치티,KOSPI
2038,214370,케어젠,KOSDAQ
2039,214390,경보제약,KOSPI
2040,214420,토니모리,KOSPI
2041,214430,아이쓰리시스템,KOSDAQ
2042,214450,파마리서치프로덕트,KOSDAQ
2043,214680,디알텍,KOSDAQ
2044,214870,에치디프로,KOSDAQ
2045,215000,골프존,KOSDAQ
2046,215100,로보로보,KOSDAQ
2047,215200,메가스터디교육,KOSDAQ
2048,215360,우리산업,KOSDAQ
2049,215380,우정비에스씨,KOSDAQ
2050,215480,토박스코리아,KOSDAQ
2051,215580,대우스팩3호,KOSDAQ
2052,215600,신라젠,KOSDAQ
2053,215750,미래에셋제3호스팩,KOSDAQ
2054,215790,이노인스트루먼트,KOSDAQ
2055,216050,인크로스,KOSDAQ
2056,217190,제너셈,KOSDAQ
2057,217480,에스디생명공학,KOSDAQ
2058,217600,켐온,KOSDAQ
2059,217620,디딤,KOSDAQ
2060,217730,강스템바이오텍,KOSDAQ
2061,217770,TIGER 원유선물인버스(H),ETF
2062,217780,TIGER 차이나CSI300인버스(합성),ETF
2063,217790,TIGER 가격조정,ETF
2064,217810,엔에이치스팩7호,KOSDAQ
2065,217820,엔에스,KOSDAQ
2066,218150,미래생명자원,KOSDAQ
2067,218410,RFHIC,KOSDAQ
2068,218420,KODEX 미국S&P;에너지(합성),ETF
2069,218710,키움스팩3호,KOSDAQ
2070,219130,타이거일렉,KOSDAQ
2071,219390,KBSTAR 미국S&P;원유생산기업(합성 H),ETF
2072,219420,링크제니시스,KOSDAQ
2073,219480,KODEX 미국S&P500;선물(H),ETF
2074,219550,MP한강,KOSDAQ
2075,219580,골든브릿지제3호스팩,KOSDAQ
2076,219860,한화에이스스팩2호,KOSDAQ
2077,219900,KINDEX 중국본토CSI300레버리지(합성),ETF
2078,219960,유안타제2호스팩,KOSDAQ
2079,220100,퓨쳐켐,KOSDAQ
2080,220130,SMART 중국본토 중소형 CSI500(합성 H),ETF
2081,220180,핸디소프트,KOSDAQ
2082,220260,켐트로스,KOSDAQ
2083,220630,해마로푸드서비스,KOSDAQ
2084,221200,유진스팩3호,KOSDAQ
2085,221610,한솔씨앤피,KOSDAQ
2086,221840,하이즈항공,KOSDAQ
2087,221950,케이비드림3호스팩,KOSDAQ
2088,221980,케이디켐,KOSDAQ
2089,222040,뉴트리바이오텍,KOSDAQ
2090,222080,씨아이에스,KOSDAQ
2091,222110,팬젠,KOSDAQ
2092,222170,ARIRANG S&P;한국배당성장,ETF
2093,222180,ARIRANG 스마트베타 Value,ETF
2094,222190,ARIRANG 스마트베타 Momentum,ETF
2095,222200,ARIRANG 스마트베타 Quality,ETF
2096,222390,케이비제8호스팩,KOSDAQ
2097,222420,쎄노텍,KOSDAQ
2098,222800,심텍,KOSDAQ
2099,222810,닉스테크,KOSDAQ
2100,222980,한국맥널티,KOSDAQ
2101,223040,교보5호스팩,KOSDAQ
2102,223190,KODEX 200가치저변동,ETF
2103,223310,이에스브이,KOSDAQ
2104,224060,코디엠,KOSDAQ
2105,224110,에이텍티앤,KOSDAQ
2106,225030,TIGER 미국S&P500;선물인버스(H),ETF
2107,225040,TIGER 미국S&P500;레버리지(합성 H),ETF
2108,225050,TIGER 유로스탁스레버리지(합성 H),ETF
2109,225060,TIGER 이머징마켓MSCI레버리지(합성 H),ETF
2110,225130,KINDEX 골드선물 레버리지(합성 H),ETF
2111,225190,삼양옵틱스,KOSDAQ
2112,225330,씨엠에스에듀,KOSDAQ
2113,225430,IBKS제3호스팩,KOSDAQ
2114,225440,이베스트스팩3호,KOSDAQ
2115,225530,보광산업,KOSDAQ
2116,225570,넷게임즈,KOSDAQ
2117,225590,패션플랫폼,KOSDAQ
2118,225650,쿠첸,KOSDAQ
2119,225800,KOSEF 미국달러선물 레버리지(합성),ETF
2120,226320,잇츠한불,KOSPI
2121,226340,에이치엠씨3호스팩,KOSDAQ
2122,226350,아이엠텍,KOSDAQ
2123,226360,이엑스티,KOSDAQ
2124,226380,KINDEX 한류,ETF
2125,226400,오스테오닉,KOSDAQ
2126,226440,동부스팩3호,KOSDAQ
2127,226490,KODEX 코스피,ETF
2128,226810,파워 단기채,ETF
2129,226850,키움스팩4호,KOSDAQ
2130,226980,KODEX 200 중소형,ETF
2131,227540,TIGER 200 헬스케어,ETF
2132,227550,TIGER 200 산업재,ETF
2133,227560,TIGER 200 생활소비재,ETF
2134,227570,TIGER 우량가치,ETF
2135,227610,아우딘퓨쳐스,KOSDAQ
2136,227830,ARIRANG 코스피,KOSPI
2137,227840,현대코퍼레이션홀딩스,KOSPI
2138,228340,동양파일,KOSDAQ
2139,228790,TIGER 화장품,ETF
2140,228800,TIGER 여행레저,ETF
2141,228810,TIGER 미디어컨텐츠,ETF
2142,228820,TIGER KTOP30,ETF
2143,228850,레이언스,KOSDAQ
2144,229200,KODEX 코스닥 150,ETF
2145,229640,LS전선아시아,KOSPI
2146,229720,KODEX KTOP30,ETF
2147,230240,하나금융7호스팩,KOSDAQ
2148,230360,에코마케팅,KOSDAQ
2149,230480,KOSEF 미국달러선물 인버스2X(합성),ETF
2150,230490,동부제4호스팩,KOSDAQ
2151,232080,TIGER 코스닥150,ETF
2152,232140,와이아이케이,KOSDAQ
2153,232270,케이비제9호스팩,KOSDAQ
2154,232590,KINDEX 골드선물 인버스2X(합성 H),KOSPI
2155,233160,TIGER 코스닥150 레버리지,KOSPI
2156,233740,KODEX 코스닥150 레버리지,KOSPI
2157,234080,JW생명과학,KOSPI
2158,234100,세원,KOSDAQ
2159,234300,에스트래픽,KOSDAQ
2160,234310,KBSTAR V&S;셀렉트밸류,KOSPI
2161,234920,자이글,KOSDAQ
2162,235010,하이에이아이1호스팩,KOSDAQ
2163,236200,슈프리마,KOSDAQ
2164,236460,ARIRANG 스마트베타 LowVOL,KOSPI
2165,237350,KODEX 코스피100,KOSPI
2166,237370,KODEX 배당성장채권혼합,KOSPI
2167,237440,TIGER 경기방어채권혼합,KOSPI
2168,237690,에스티팜,KOSDAQ
2169,237750,피앤씨테크,KOSDAQ
2170,237880,클리오,KOSDAQ
2171,238090,앤디포스,KOSDAQ
2172,238120,로고스바이오,KOSDAQ
2173,238490,힘스,KOSDAQ
2174,238670,ARIRANG 스마트베타Quality채권혼합,KOSPI
2175,238720,KINDEX 일본Nikkei225(H),KOSPI
2176,239610,에이치엘사이언스,KOSDAQ
2177,239660,ARIRANG 우량회사채50 1년,KOSPI
2178,240810,원익IPS,KOSDAQ
2179,241180,TIGER 일본니케이225,KOSPI
2180,241390,KBSTAR V&S;셀렉트밸류채권혼합,KOSPI
2181,241520,DSC인베스트먼트,KOSDAQ
2182,241560,두산밥캣,KOSPI
2183,241590,화승엔터프라이즈,KOSPI
2184,241690,유니테크노,KOSDAQ
2185,241710,코스메카코리아,KOSDAQ
2186,241770,메카로,KOSDAQ
2187,241790,오션브릿지,KOSDAQ
2188,241820,피씨엘,KOSDAQ
2189,243070,휴온스,KOSDAQ
2190,243840,신흥에스이씨,KOSDAQ
2191,246690,티에스인베스트먼트,KOSDAQ
2192,246720,아스타,KOSDAQ
2193,248170,샘표식품,KOSPI
2194,249420,일동제약,KOSPI
2195,250000,보라티알,KOSDAQ
2196,251370,와이엠티,KOSDAQ
2197,251630,브이원텍,KOSDAQ
2198,253450,스튜디오드래곤,KOSDAQ
2199,255220,SG,KOSDAQ
2200,255440,야스,KOSDAQ
2201,256940,케이피에스,KOSDAQ
2202,258610,이더블유케이,KOSDAQ
2203,259630,엠플러스,KOSDAQ
2204,260660,알리코제약,KOSDAQ
2205,260930,씨티케이코스메틱스,KOSDAQ
2206,263540,샘코,KOSDAQ
2207,263600,덕우전자,KOSDAQ
2208,263700,케어랩스,KOSDAQ
2209,263720,디앤씨미디어,KOSDAQ
2210,263750,펄어비스,KOSDAQ
2211,263770,유에스티,KOSDAQ
2212,263810,상신전자,KOSDAQ
2213,263860,지니언스,KOSDAQ
2214,263900,데이타솔루션,KOSDAQ
2215,263920,에스엔피월드,KOSDAQ
2216,264450,유비쿼스,KOSDAQ
2217,264660,씨앤지하이테크,KOSDAQ
2218,265520,AP시스템,KOSDAQ
2219,265560,영화테크,KOSDAQ
2220,267790,배럴,KOSDAQ
2221,267980,매일유업,KOSDAQ
2222,269620,시스웍,KOSDAQ
2223,272290,이녹스첨단소재,KOSDAQ
2224,272450,진에어,KOSPI
2225,272550,삼양패키징,KOSPI
2226,277070,린드먼아시아,KOSDAQ
2227,281820,케이씨텍,KOSPI
2228,282330,BGF리테일,KOSPI
2229,282690,동아타이어,KOSPI
2230,283930,KBSTAR지주회사,KOSPI
2231,284740,쿠쿠홈시스,KOSPI
2232,500003,신한 인버스 WTI원유 선물 ETN(H),ETF
2233,500005,신한 인버스 브렌트원유 선물 ETN(H),ETF
2234,500006,신한 인버스 금 선물 ETN(H),ETF
2235,500007,신한 인버스 은 선물 ETN(H),ETF
2236,500008,신한 인버스 구리 선물 ETN(H),ETF
2237,500009,신한 다우존스지수 선물 ETN(H),ETF
2238,500010,신한 인버스 다우존스지수 선물 ETN(H),ETF
2239,500011,신한 달러인덱스 선물 ETN(H),ETF
2240,500012,신한 인버스 달러인덱스 선물 ETN(H),ETF
2241,500016,신한 금 선물 ETN(H),ETF
2242,500017,신한 은 선물 ETN(H),ETF
2243,520002,대우 차이나 대표주 15 ETN(H),ETF
2244,520003,대우 원자재 선물 ETN(H),ETF
2245,530002,삼성 인버스 China A50 선물 ETN(H),ETF
2246,530003,삼성 모멘텀 탑픽 ETN,ETF
2247,530004,삼성 화장품 테마주 ETN,ETF
2248,530005,삼성 바이오 테마주 ETN,ETF
2249,530006,삼성 음식료 테마주 ETN,ETF
2250,530007,삼성 레저 테마주 ETN,ETF
2251,530008,삼성 미디어 테마주 ETN,ETF
2252,530009,삼성 증권 테마주 ETN,ETF
2253,530010,삼성 건축자재 테마주 ETN,ETF
2254,530011,삼성 온라인쇼핑 테마주 ETN,ETF
2255,530012,삼성 화학 테마주 ETN,ETF
2256,550003,octo 스마트리밸런싱 250/3 ETN,ETF
2257,550004,octo 롱숏 K150 매수 로우볼 매도 ETN,ETF
2258,550005,octo 에너지 TOP5 ETN,ETF
2259,550006,octo 내수소비 TOP5 ETN,ETF
2260,550007,octo 조선 TOP5 ETN,ETF
2261,550008,octo 소프트웨어 TOP5 ETN,ETF
2262,550009,octo 하드웨어 TOP5 ETN,ETF
2263,550010,octo 운송 TOP5 ETN,ETF
2264,550011,octo 자동차 TOP5 ETN,ETF
2265,550012,octo 의료 TOP5 ETN,ETF
2266,550013,octo 화학 TOP5 ETN,ETF
2267,550014,octo 바이오 TOP5 ETN,ETF
2268,550015,octo 제약 TOP5 ETN,ETF
2269,550016,octo 건설 TOP5 ETN,ETF
2270,570003,TRUE 빅5 동일가중 ETN,ETF
2271,570004,TRUE 인버스 유로스탁스50 ETN(H),ETF
2272,570005,TRUE 목표변동성20 코스피선물 ETN,ETF
2273,570006,TRUE 인버스 차이나H ETN(H),ETF
2274,570007,TRUE 위안화 중국5년국채 ETN,ETF
2275,580003,able Monthly Best 11 ETN,ETF
2276,580004,able KQ Monthly Best 11 ETN,ETF
2277,900040,차이나그레이트,KOSDAQ
2278,900070,글로벌에스엠,KOSDAQ
2279,900080,에스앤씨엔진그룹,KOSDAQ
2280,900090,차이나하오란,KOSDAQ
2281,900100,뉴프라이드,KOSDAQ
2282,900110,이스트아시아홀딩스,KOSDAQ
2283,900120,차이나킹,KOSDAQ
2284,900140,코라오홀딩스,KOSPI
2285,900250,크리스탈신소재,KOSDAQ
2286,900260,로스웰,KOSDAQ
2287,900270,헝셩그룹,KOSDAQ
2288,900280,골든센츄리,KOSDAQ
2289,900290,GRT,KOSDAQ
2290,900300,오가닉티코스메틱,KOSDAQ
2291,900310,컬러레이,KOSDAQ
2292,950110,SBI핀테크솔루션즈,KOSDAQ
2293,950130,엑세스바이오(Reg.S),KOSDAQ
2294,950140,잉글우드랩,KOSDAQ
2295,950160,코오롱티슈진,KOSDAQ
2296,950170,JTC,KOSDAQ
2297,,,
2298,,,
2299,,,
2300,,,
2301,,,
2302,,,
2303,,,
2304,,,
2305,,,
